country_iso,year,broadband_subscriptions_per100
ABW,2003,1.4420153169999999
ABW,2004,7.052067613999999
ABW,2005,12.27019624
ABW,2006,13.83759446
ABW,2007,15.802888699999999
ABW,2008,18.14952939
ABW,2009,18.53038293
ABW,2010,18.90153341
ABW,2013,18.61204548
ABW,2014,18.50174417
ABW,2015,18.20952454
AFG,2004,0.0008088430000000001
AFG,2005,0.000857557
AFG,2006,0.001891571
AFG,2007,0.0018449820000000002
AFG,2008,0.0018036039999999999
AFG,2009,0.00352177
AFG,2010,0.0051395370000000004
AFG,2012,0.0048136509999999995
AFG,2013,0.0046483390000000005
AFG,2014,0.0044949479999999995
AFG,2015,0.020535484
AFG,2016,0.024873503999999998
AFG,2017,0.046313499
AFG,2018,0.043040552
AGO,2006,0.037012589
AGO,2007,0.055966499999999995
AGO,2008,0.073480222
AGO,2009,0.066624379
AGO,2010,0.064222649
AGO,2011,0.06530375
AGO,2012,0.081695302
AGO,2013,0.085648015
AGO,2014,0.325702323
AGO,2015,0.550742009
AGO,2016,0.29374718699999997
AGO,2017,0.32504866600000004
AGO,2018,0.355604536
ALB,2005,0.008811685999999999
ALB,2007,0.329598108
ALB,2008,2.131430676
ALB,2009,3.0944673610000004
ALB,2010,3.5799924219999997
ALB,2011,4.377871687
ALB,2012,5.493573307
ALB,2013,6.286818262000001
ALB,2014,7.180321133
ALB,2015,8.402314745
ALB,2016,9.228640975
ALB,2017,10.52684499
ALB,2018,12.55565885
AND,2002,1.638852803
AND,2003,4.920608893
AND,2004,8.239336866
AND,2005,13.11194796
AND,2006,18.04600398
AND,2007,22.40578588
AND,2008,24.65002027
AND,2009,27.16100541
AND,2010,29.01396109
AND,2011,30.762893
AND,2012,32.64100355
AND,2013,34.33530592
AND,2014,36.31979599
AND,2015,39.34573329
AND,2016,42.03267915
AND,2017,44.52409709
AND,2018,46.31197569
ARE,1999,0.012373425
ARE,2000,0.062953445
ARE,2001,0.253548667
ARE,2002,0.478099056
ARE,2003,0.817013889
ARE,2004,1.3799934619999998
ARE,2005,2.8185191439999997
ARE,2006,4.539850956
ARE,2007,6.156751077000001
ARE,2008,7.864842689
ARE,2009,8.720368323999999
ARE,2010,9.202562623
ARE,2011,9.690282881
ARE,2012,10.44662223
ARE,2013,11.32794298
ARE,2014,11.84873307
ARE,2015,13.32678751
ARE,2016,13.86163628
ARE,2017,29.11110893
ARE,2018,31.40460882
ARG,2001,0.252175334
ARG,2002,0.392763085
ARG,2003,0.6796101059999999
ARG,2004,1.410369414
ARG,2005,2.382751765
ARG,2006,4.030842244
ARG,2007,6.551710192000001
ARG,2008,7.771278857
ARG,2009,8.672885869
ARG,2010,9.850015718
ARG,2011,11.0647814
ARG,2012,12.33040075
ARG,2013,14.81423726
ARG,2014,15.29042819
ARG,2015,15.91589272
ARG,2016,16.60166322
ARG,2017,17.84999661
ARG,2018,19.10152239
ARM,2001,0.000196677
ARM,2002,0.00026368
ARM,2003,0.00033135300000000005
ARM,2004,0.033325335
ARM,2005,0.06675009900000001
ARM,2007,0.132986976
ARM,2008,0.474580911
ARM,2009,1.381119438
ARM,2010,3.2525416889999996
ARM,2011,5.582161612
ARM,2012,7.352142718
ARM,2013,8.388287086
ARM,2014,9.369734814
ARM,2015,9.786833463999999
ARM,2016,10.18921762
ARM,2017,10.7076869
ARM,2018,11.7709355
ATG,2004,2.068810994
ATG,2005,7.120849445
ATG,2006,1.8632714259999998
ATG,2007,2.6967843289999998
ATG,2008,5.838612597999999
ATG,2009,18.46079358
ATG,2010,8.087199527000001
ATG,2011,6.72246311
ATG,2012,14.45652535
ATG,2013,17.09755671
ATG,2014,11.61815864
ATG,2015,10.68764295
ATG,2016,9.7972008
ATG,2017,9.431391864
AUS,2001,0.639760867
AUS,2002,1.330318563
AUS,2003,2.633487711
AUS,2004,5.0906331389999995
AUS,2005,9.990812021
AUS,2006,19.00001184
AUS,2008,24.91529036
AUS,2009,24.00365852
AUS,2010,24.8705928
AUS,2011,24.63395046
AUS,2012,25.03935129
AUS,2013,25.71929639
AUS,2014,27.69911237
AUS,2015,28.53023892
AUS,2016,30.39231558
AUS,2017,32.22339821
AUS,2018,30.68500827
AUT,1999,0.632210727
AUT,2000,2.360806595
AUT,2001,3.9591254260000004
AUT,2002,5.54434666
AUT,2003,7.350915842999999
AUT,2004,10.58805704
AUT,2005,14.22400998
AUT,2006,17.2835331
AUT,2007,19.50987865
AUT,2008,20.72760735
AUT,2009,22.43639807
AUT,2010,24.38064725
AUT,2011,24.81457091
AUT,2012,25.05461216
AUT,2013,26.092223999999998
AUT,2014,27.38179226
AUT,2015,28.293538399999996
AUT,2016,28.84661223
AUT,2017,28.47197491
AUT,2018,28.35440316
AZE,2002,0.012081583
AZE,2005,0.025577949
AZE,2006,0.04582773
AZE,2007,0.167349763
AZE,2008,0.680127678
AZE,2009,1.120525015
AZE,2010,5.262076415
AZE,2011,10.64771177
AZE,2012,14.78294152
AZE,2013,18.24285161
AZE,2014,19.96786744
AZE,2015,19.73923241
AZE,2016,18.52561662
AZE,2017,18.3357575
AZE,2018,19.00503511
BDI,2008,0.001968964
BDI,2009,0.0019052910000000001
BDI,2010,0.004057355
BDI,2011,0.005547862
BDI,2012,0.007592481999999999
BDI,2013,0.016079173999999998
BDI,2014,0.017268878
BDI,2015,0.035816823
BDI,2016,0.037614434
BDI,2017,0.036150301
BDI,2018,0.03521135
BEL,1998,0.106707834
BEL,1999,0.224277339
BEL,2000,1.4025922690000001
BEL,2001,4.457894689
BEL,2002,7.867120571
BEL,2003,11.92939997
BEL,2004,15.45730835
BEL,2005,19.06329508
BEL,2006,23.08574576
BEL,2007,25.51629473
BEL,2008,27.67016385
BEL,2009,29.03572211
BEL,2010,30.83667139
BEL,2011,32.17547029
BEL,2012,33.305275300000005
BEL,2013,34.32772916
BEL,2014,35.74653262
BEL,2015,36.50842403
BEL,2016,37.60922178
BEL,2017,38.34561848
BEL,2018,39.21686286
BEN,2002,0.00028785299999999997
BEN,2003,0.000279235
BEN,2004,0.001045161
BEN,2005,0.002455456
BEN,2006,0.018230726000000003
BEN,2007,0.008397604
BEN,2008,0.09686186599999999
BEN,2009,0.21309806899999997
BEN,2010,0.293871496
BEN,2011,0.396741047
BEN,2012,0.429231485
BEN,2013,0.424575078
BEN,2014,0.441525117
BEN,2015,0.692731964
BEN,2016,0.20509447
BEN,2017,0.256058103
BEN,2018,0.235384383
BFA,2002,0.000406732
BFA,2003,0.001145826
BFA,2004,0.0011818360000000001
BFA,2005,0.0028609890000000004
BFA,2006,0.012401317
BFA,2007,0.047235405999999994
BFA,2008,0.069885583
BFA,2009,0.078904449
BFA,2010,0.08782319400000001
BFA,2011,0.087446064
BFA,2012,0.086462985
BFA,2013,0.075922001
BFA,2014,0.030751682000000002
BFA,2015,0.051649242000000005
BFA,2016,0.066415118
BFA,2017,0.064402904
BFA,2018,0.06995936400000001
BGD,2007,0.030639201
BGD,2008,0.034649034
BGD,2009,0.21702891300000002
BGD,2010,0.280920069
BGD,2011,0.313854189
BGD,2012,0.397641178
BGD,2013,0.998501467
BGD,2014,2.001827212
BGD,2015,3.131355825
BGD,2016,4.173005954
BGD,2017,4.571801118
BGD,2018,6.343544324
BGR,2004,0.08587883800000001
BGR,2005,2.1525929230000003
BGR,2006,5.040904142
BGR,2007,8.302801019
BGR,2008,11.21135362
BGR,2009,13.35429536
BGR,2010,15.14776819
BGR,2011,17.03287187
BGR,2012,18.15851452
BGR,2013,19.49979205
BGR,2014,20.43832945
BGR,2015,22.42498723
BGR,2016,23.73603406
BGR,2017,25.29667253
BGR,2018,27.0001679
BHR,2001,0.16859127399999999
BHR,2002,0.677416459
BHR,2003,1.250404516
BHR,2004,1.80226645
BHR,2005,2.410353995
BHR,2006,4.03039175
BHR,2007,6.588642547999999
BHR,2008,8.398937416
BHR,2009,11.77249392
BHR,2010,12.4842448
BHR,2011,22.80802503
BHR,2012,22.72305576
BHR,2013,22.81746092
BHR,2014,21.52364201
BHR,2015,18.44522474
BHR,2016,16.29866067
BHR,2017,14.31520217
BHR,2018,11.76230339
BHS,2001,1.367730935
BHS,2002,2.45075733
BHS,2003,3.4940871010000003
BHS,2004,4.0148137
BHS,2005,4.119325615
BHS,2006,5.011887032
BHS,2007,6.076072427000001
BHS,2008,7.419671149
BHS,2009,9.035651766
BHS,2010,6.959446896
BHS,2011,4.309496132
BHS,2012,21.43383647
BHS,2013,19.74295216
BHS,2014,20.82059612
BHS,2015,21.65064163
BHS,2016,22.52480618
BHS,2017,22.75490825
BHS,2018,22.57744978
BIH,2000,0.000719774
BIH,2001,0.0018106720000000001
BIH,2002,0.005665816999999999
BIH,2003,0.039870575
BIH,2004,0.17631928600000002
BIH,2005,0.363898951
BIH,2006,1.062297367
BIH,2007,2.250752501
BIH,2008,5.019882688
BIH,2009,7.819000207999999
BIH,2010,10.54931733
BIH,2011,11.7516098
BIH,2012,13.02082235
BIH,2013,14.56848433
BIH,2014,15.57692832
BIH,2015,18.51619004
BIH,2016,19.56337748
BIH,2017,19.80928085
BIH,2018,20.86551291
BLR,2002,0.000205214
BLR,2003,0.001270762
BLR,2004,0.007798986999999999
BLR,2005,0.01635626
BLR,2006,0.119986765
BLR,2007,1.79110523
BLR,2008,5.056461778
BLR,2009,11.57926852
BLR,2010,17.69139545
BLR,2011,22.28355489
BLR,2012,26.88573466
BLR,2013,29.56269142
BLR,2014,28.46079751
BLR,2015,30.75926357
BLR,2016,32.47559748
BLR,2017,33.47310769
BLR,2018,33.86912852
BLZ,2003,0.348891157
BLZ,2004,1.022408356
BLZ,2005,1.769556025
BLZ,2006,2.486879095
BLZ,2007,2.501463088
BLZ,2008,2.62268474
BLZ,2009,2.650522
BLZ,2010,2.764649697
BLZ,2011,2.9366788089999996
BLZ,2012,2.9505917160000004
BLZ,2013,2.863630447
BLZ,2014,2.801627774
BLZ,2015,4.81502107
BLZ,2016,4.987513572
BLZ,2017,5.057894611
BLZ,2018,6.4369268360000005
BMU,2005,27.90195753
BMU,2006,35.68862456
BMU,2007,43.54972856
BMU,2008,51.50081145
BMU,2009,60.906903799999995
BMU,2010,61.32529936
BMU,2013,62.28062001
BMU,2014,54.2392204
BMU,2015,47.10167682
BMU,2016,35.97897794
BMU,2017,36.17503846
BOL,2002,0.038088422999999996
BOL,2003,0.064452213
BOL,2004,0.096184392
BOL,2005,0.14051744
BOL,2006,0.187207717
BOL,2007,0.355465992
BOL,2008,0.81586561
BOL,2009,0.972545573
BOL,2010,0.95484043
BOL,2011,0.720085491
BOL,2012,1.1246063179999999
BOL,2013,1.461700715
BOL,2014,1.613811476
BOL,2015,1.6647239630000001
BOL,2016,2.606905809
BOL,2017,3.3949872489999997
BOL,2018,4.4401541
BRA,1998,0.000588979
BRA,1999,0.004062240999999999
BRA,2000,0.0572114
BRA,2001,0.186798742
BRA,2002,0.407157234
BRA,2003,0.53146472
BRA,2004,1.71595369
BRA,2005,1.737414889
BRA,2006,2.5333868219999998
BRA,2007,4.002227039
BRA,2008,5.216317824
BRA,2009,6.049928446
BRA,2010,7.204858261
BRA,2011,9.028728397
BRA,2012,9.594011307
BRA,2013,10.62528321
BRA,2014,11.82082759
BRA,2015,12.46258988
BRA,2016,13.02890048
BRA,2017,13.90912537
BRA,2018,14.91053848
BRB,2003,9.958480511
BRB,2004,10.76342977
BRB,2005,11.55966025
BRB,2006,13.98314095
BRB,2007,16.91173305
BRB,2008,17.58053339
BRB,2009,20.38569355
BRB,2010,19.91628003
BRB,2011,22.133172199999997
BRB,2012,23.57552494
BRB,2013,23.84767988
BRB,2014,27.29034568
BRB,2015,27.4316216
BRB,2016,30.401755100000003
BRB,2017,31.21244305
BRB,2018,31.16790689
BRN,2001,0.5575913
BRN,2002,0.795023963
BRN,2003,1.086350423
BRN,2004,1.742188391
BRN,2005,2.225606249
BRN,2006,2.4209818430000003
BRN,2007,3.0981558280000003
BRN,2008,4.451783112
BRN,2009,5.217162535
BRN,2010,5.583229983
BRN,2011,5.889181281
BRN,2012,4.974823867
BRN,2013,6.81393894
BRN,2014,7.384404384
BRN,2015,8.29704006
BRN,2016,8.604097188999999
BRN,2017,9.675998238
BRN,2018,11.52826701
BTN,2008,0.306724259
BTN,2009,0.497992844
BTN,2010,1.265494097
BTN,2011,1.90870304
BTN,2012,2.389745446
BTN,2013,2.883685305
BTN,2014,3.4738650030000002
BTN,2015,3.829498431
BTN,2016,2.23820021
BTN,2017,2.240856909
BTN,2018,1.43188916
BWA,2005,0.088934443
BWA,2006,0.09804412900000001
BWA,2007,0.188753793
BWA,2008,0.464596931
BWA,2009,0.511902239
BWA,2010,0.602786466
BWA,2011,0.948941725
BWA,2012,1.090237287
BWA,2013,1.046763518
BWA,2014,1.5938769080000001
BWA,2015,1.7373849209999999
BWA,2016,2.7342127769999998
BWA,2017,1.47087634
BWA,2018,1.7765213830000002
CAF,2011,0.018331445
CAF,2012,0.013637133999999999
CAF,2015,0.041351652
CAF,2016,0.016219721
CAF,2017,0.013468166
CAF,2018,0.013029405
CAN,1998,0.466323561
CAN,1999,1.92063266
CAN,2000,4.612640034
CAN,2001,9.183916112999999
CAN,2002,11.27388014
CAN,2003,14.33242226
CAN,2004,17.023152300000003
CAN,2005,21.77568932
CAN,2006,24.72263335
CAN,2007,27.55877068
CAN,2008,29.52309639
CAN,2009,30.49241878
CAN,2010,31.67752464
CAN,2011,32.66605015
CAN,2012,33.47432552
CAN,2013,34.26529941
CAN,2014,35.23968495
CAN,2015,36.40462417
CAN,2016,36.79332821
CAN,2017,37.90637316
CAN,2018,38.96365923
CHE,2000,0.789724068
CHE,2001,1.950086424
CHE,2002,6.304656945
CHE,2003,10.78474522
CHE,2004,16.75916271
CHE,2005,22.59724623
CHE,2006,27.48988396
CHE,2007,31.5854277
CHE,2008,33.53478981
CHE,2009,35.53584712
CHE,2010,37.31128521
CHE,2011,38.93184665
CHE,2012,40.11446287
CHE,2013,42.39913339
CHE,2014,43.09024053
CHE,2015,44.60242685
CHE,2016,45.05910977
CHE,2017,46.31990051
CHE,2018,46.42094273
CHL,2000,0.050057511
CHL,2001,0.430023937
CHL,2002,1.201537144
CHL,2003,2.2223453230000003
CHL,2004,2.990220838
CHL,2005,4.378522005
CHL,2006,6.1857333
CHL,2007,7.878370461
CHL,2008,8.541752228
CHL,2009,9.79899191
CHL,2010,10.48704014
CHL,2011,11.67049717
CHL,2012,12.44992413
CHL,2013,13.0618791
CHL,2014,14.01949855
CHL,2015,15.13376135
CHL,2016,15.95128317
CHL,2017,16.57996326
CHL,2018,17.35624022
CHN,2000,0.001755839
CHN,2001,0.02588502
CHN,2002,0.252303079
CHN,2003,0.8529597790000001
CHN,2004,1.884961039
CHN,2005,2.8066323210000004
CHN,2006,3.7995122130000003
CHN,2007,4.93419774
CHN,2008,6.122995604
CHN,2009,7.638872762999999
CHN,2010,9.22969172
CHN,2011,11.36849026
CHN,2012,12.655843800000001
CHN,2013,13.5721864
CHN,2014,14.32580171
CHN,2015,19.69267651
CHN,2016,22.81370164
CHN,2017,27.73989833
CHN,2018,28.53518942
CIV,2003,0.002346643
CIV,2004,0.004596423
CIV,2005,0.006750383
CIV,2006,0.053319354000000006
CIV,2007,0.052161475
CIV,2008,0.051005916
CIV,2009,0.049852569000000006
CIV,2012,0.214259977
CIV,2013,0.254809235
CIV,2014,0.56013233
CIV,2015,0.472342739
CIV,2016,0.572478854
CIV,2017,0.584450845
CIV,2018,0.7017287729999999
CMR,2005,0.001139093
CMR,2006,0.002310182
CMR,2007,0.003416927
CMR,2008,0.004466914000000001
CMR,2009,0.00454777
CMR,2010,0.029270584
CMR,2011,0.051242710999999996
CMR,2012,0.064444167
CMR,2013,0.076549237
CMR,2014,0.074204699
CMR,2015,0.08776151199999999
CMR,2016,0.192146373
CMR,2017,0.068244526
CMR,2018,0.07133093900000001
COD,2010,0.0
COD,2013,0.000630616
COD,2014,0.0006778060000000001
COD,2015,0.0013115689999999998
COD,2016,0.0012692110000000001
COD,2017,0.00122852
COD,2018,0.005495545
COG,2009,0.003015397
COG,2010,0.00584969
COG,2011,0.02983041
COG,2012,0.030863382999999998
COG,2013,0.009474855
COG,2014,0.010555257
COL,2000,0.022387099
COL,2001,0.034355155
COL,2002,0.08535215300000001
COL,2003,0.155327846
COL,2004,0.30210366
COL,2005,0.747245052
COL,2006,1.4538517569999998
COL,2007,2.759850377
COL,2008,4.004268447
COL,2009,4.72576413
COL,2010,5.84448297
COL,2011,7.332326999
COL,2012,8.548227073
COL,2013,9.759270646000001
COL,2014,10.70649708
COL,2015,11.62812593
COL,2016,12.27392136
COL,2017,12.94429123
COL,2018,13.44825224
COM,2004,0.00016744
COM,2005,0.0006539930000000001
COM,2007,0.01278015
COM,2008,0.016736936
COM,2009,0.009803164
COM,2010,0.047702453
COM,2011,0.056611598
COM,2012,0.17033421699999998
COM,2013,0.175319115
COM,2014,0.208456788
COM,2015,0.205807899
COM,2016,0.205381653
COM,2017,0.201992402
COM,2018,0.18394323399999998
CPV,2004,0.146410109
CPV,2004,0.061977544
CPV,2005,0.308235376
CPV,2005,0.202361824
CPV,2006,0.493235369
CPV,2006,0.38664023700000005
CPV,2007,0.873787503
CPV,2007,0.8068454509999999
CPV,2008,1.275191296
CPV,2008,1.5348076919999998
CPV,2009,1.96522045
CPV,2009,2.254500474
CPV,2010,2.101043191
CPV,2010,3.262127172
CPV,2011,2.675679196
CPV,2011,4.276175337
CPV,2012,3.038053592
CPV,2012,3.929458569
CPV,2013,2.803616615
CPV,2013,4.143054785
CPV,2014,3.346018341
CPV,2014,3.6806998660000003
CPV,2015,5.105082392
CPV,2015,3.157355124
CPV,2016,5.545879065
CPV,2016,2.9259375010000004
CPV,2017,6.965192534
CPV,2017,2.789405728
CPV,2018,7.551746144
CPV,2018,2.879358255
CRI,2002,0.21919445
CRI,2003,0.357296125
CRI,2004,0.661064505
CRI,2005,1.0480452470000001
CRI,2006,1.91758572
CRI,2007,2.156822324
CRI,2008,2.463274051
CRI,2009,4.040356225
CRI,2010,8.656964751
CRI,2011,9.060526827999999
CRI,2012,9.568984642
CRI,2013,10.22505397
CRI,2014,10.76734852
CRI,2015,11.52389824
CRI,2016,13.04433552
CRI,2017,15.031270999999998
CRI,2018,16.69754679
CUB,2007,0.017296053
CUB,2008,0.019987593
CUB,2009,0.025679832000000003
CUB,2010,0.033013142999999995
CUB,2011,0.039344393
CUB,2012,0.04453188
CUB,2013,0.047506262
CUB,2014,0.068922492
CUB,2015,0.072027883
CUB,2016,0.12728599599999998
CUB,2017,0.295751378
CUB,2018,0.871730745
CUW,2011,20.87778617
CUW,2012,22.98326411
CUW,2013,23.59784175
CUW,2014,24.405070000000002
CUW,2015,25.02392913
CUW,2016,26.5212478
CUW,2017,30.46229251
CUW,2018,31.84968541
CYM,2008,32.56185452
CYM,2009,33.07002639
CYM,2010,33.26510446
CYM,2011,32.50976191
CYM,2012,32.77757047
CYM,2013,33.9301208
CYM,2014,38.56987904
CYM,2015,44.36361869
CYM,2016,39.21270917
CYM,2017,49.27581963
CYP,2001,0.354358611
CYP,2002,0.823735463
CYP,2003,1.387882141
CYP,2004,2.328785812
CYP,2005,4.28172043
CYP,2006,8.323525531
CYP,2007,12.57251417
CYP,2008,18.48111432
CYP,2009,21.48992797
CYP,2010,23.15491784
CYP,2011,24.611252899999997
CYP,2012,25.47407322
CYP,2013,26.71270396
CYP,2014,28.76162928
CYP,2015,30.72497937
CYP,2016,32.57873187
CYP,2017,34.21499653
CYP,2018,36.27192779
CZE,2000,0.024296913
CZE,2001,0.060364085
CZE,2002,0.149235374
CZE,2003,0.338798117
CZE,2004,2.304774705
CZE,2005,6.9121803139999995
CZE,2006,10.80242448
CZE,2007,14.45053834
CZE,2008,16.87809213
CZE,2009,19.413424
CZE,2010,21.46040086
CZE,2011,23.7457622
CZE,2012,25.11016376
CZE,2013,26.97925752
CZE,2014,28.27672043
CZE,2015,27.79469536
CZE,2016,28.91055035
CZE,2017,29.56565123
CZE,2018,30.21688169
DEU,2000,0.325549298
DEU,2001,2.578145904
DEU,2002,3.93082137
DEU,2003,5.476975994
DEU,2004,8.573548443
DEU,2005,13.21867362
DEU,2006,18.38319724
DEU,2007,24.301091699999997
DEU,2008,28.01446411
DEU,2009,30.85860573
DEU,2010,32.3678342
DEU,2011,33.7108193
DEU,2012,34.52611171
DEU,2013,35.2844895
DEU,2014,36.30777257
DEU,2015,37.54542249
DEU,2016,38.76437445
DEU,2017,40.21768674
DEU,2018,41.11294951
DJI,2000,0.000557426
DJI,2001,0.0006821139999999999
DJI,2002,0.000803275
DJI,2005,0.005362245
DJI,2006,0.019130012
DJI,2007,0.135576218
DJI,2008,0.30023592600000004
DJI,2009,0.6384214979999999
DJI,2010,0.95905965
DJI,2011,1.323924589
DJI,2012,1.717125292
DJI,2013,2.004431146
DJI,2014,2.236798914
DJI,2015,2.643893334
DJI,2016,2.61270977
DJI,2017,2.583309589
DJI,2018,2.660067597
DMA,2000,0.11486001400000001
DMA,2001,0.251216606
DMA,2002,3.204605009
DMA,2003,3.781740371
DMA,2004,4.6219203769999995
DMA,2005,4.816614487
DMA,2006,6.080488702
DMA,2007,7.062645667000001
DMA,2008,9.883236619
DMA,2009,10.30331259
DMA,2010,11.72578233
DMA,2011,11.71385865
DMA,2012,11.9777355
DMA,2013,15.02055875
DMA,2014,15.17197721
DMA,2015,21.29581501
DMA,2016,21.71876534
DMA,2017,21.58330768
DMA,2018,16.07539267
DNK,2000,1.254401169
DNK,2001,4.441904554
DNK,2002,8.399659693
DNK,2003,13.33401275
DNK,2004,18.83470322
DNK,2005,24.78658916
DNK,2006,31.87409699
DNK,2007,34.80015525
DNK,2008,36.48199102
DNK,2009,36.6009227
DNK,2010,38.02817865
DNK,2011,38.38895657
DNK,2012,38.84481696
DNK,2013,40.3040539
DNK,2014,41.34318445
DNK,2015,42.27616351
DNK,2016,43.09670097
DNK,2017,43.82182359
DNK,2018,44.05932693
DOM,2003,0.169485455
DOM,2004,0.415145495
DOM,2005,0.66694829
DOM,2006,1.115994188
DOM,2007,1.860526675
DOM,2008,2.5281888759999998
DOM,2009,3.2954126230000003
DOM,2010,4.02785071
DOM,2011,4.319880618
DOM,2012,4.86989317
DOM,2013,5.241767905
DOM,2014,5.902461372
DOM,2015,6.673102061
DOM,2016,7.379997251
DOM,2017,7.480740227
DOM,2018,7.478850615
DZA,2003,0.055789463
DZA,2004,0.110118134
DZA,2005,0.40724321
DZA,2006,0.505335721
DZA,2007,0.840106639
DZA,2008,1.39646274
DZA,2009,2.315058456
DZA,2010,2.501566606
DZA,2011,2.675159149
DZA,2012,3.08889162
DZA,2013,3.35604493
DZA,2014,4.109815688
DZA,2015,5.712209454
DZA,2016,7.051711073
DZA,2017,7.756293557999999
DZA,2018,7.262935415
ECU,2001,0.020310241
ECU,2002,0.049446625999999994
ECU,2003,0.051728995
ECU,2004,0.085463875
ECU,2005,0.19373858300000002
ECU,2006,0.327183609
ECU,2007,0.69946911
ECU,2008,1.0732030890000002
ECU,2009,1.632774313
ECU,2010,1.474373959
ECU,2011,4.322540109
ECU,2012,5.452361982
ECU,2013,6.738530969
ECU,2014,8.272569183
ECU,2015,9.175858406
ECU,2016,8.861838095
ECU,2017,10.03125879
ECU,2018,11.43506241
EGY,2002,0.071255465
EGY,2003,0.075316408
EGY,2004,0.10680165300000001
EGY,2005,0.186695361
EGY,2006,0.336299833
EGY,2007,0.610276142
EGY,2008,0.966576971
EGY,2009,1.328023273
EGY,2010,1.7539950919999998
EGY,2011,2.182970932
EGY,2012,2.648361024
EGY,2013,3.0272877289999998
EGY,2014,3.392745005
EGY,2015,4.139230391
EGY,2016,4.7319243019999995
EGY,2017,5.4269301
EGY,2018,6.685146788
ERI,2000,0.450908253
ERI,2001,1.69460285
ERI,2002,3.253185414
ERI,2003,5.434783682999999
ERI,2004,9.160874802999999
ERI,2005,13.2084514
ERI,2006,17.46912068
ERI,2007,21.45968593
ERI,2008,24.10792951
ERI,2008,0.001436604
ERI,2009,26.28089676
ERI,2009,0.002243647
ERI,2010,27.99050001
ERI,2010,0.003721887
ERI,2011,29.24537843
ERI,2011,0.004387095
ERI,2012,30.22115964
ERI,2012,0.005692133
ERI,2013,31.26919094
ERI,2013,0.004449254000000001
ERI,2014,32.45733647
ERI,2014,0.0060396519999999995
ERI,2015,33.64054837
ERI,2015,0.01495744
ERI,2016,34.81342863
ERI,2016,0.01776958
ERI,2017,36.03149694
ERI,2017,0.029300655
ERI,2018,36.95686332
ESP,2000,0.187038482
ESP,2001,1.129250897
ESP,2002,2.9759264080000003
ESP,2003,4.98147111
ESP,2004,7.853939004
ESP,2005,11.43867178
ESP,2006,15.06668054
ESP,2007,17.7326521
ESP,2008,19.83111524
ESP,2009,21.03874403
ESP,2010,22.69793654
ESP,2011,23.71878361
ESP,2012,24.48744939
ESP,2013,26.10678906
ESP,2014,27.80150894
ESP,2015,29.01724261
ESP,2016,30.26250082
ESP,2017,31.44484622
ESP,2018,32.50380176
EST,2001,1.255559627
EST,2002,3.362907635
EST,2003,6.577274968999999
EST,2004,10.17017891
EST,2005,13.21877065
EST,2006,18.2901117
EST,2007,19.70912656
EST,2008,21.98835437
EST,2009,23.4725533
EST,2010,26.11536212
EST,2011,26.28181326
EST,2012,26.41458812
EST,2013,27.36399047
EST,2014,28.18624043
EST,2015,29.20411305
EST,2016,30.124723699999997
EST,2017,31.09671894
EST,2018,33.34797267
ETH,2003,7.900000000000001e-05
ETH,2004,4.71e-05
ETH,2005,7.99e-05
ETH,2006,0.00033253
ETH,2007,0.001284175
ETH,2008,0.00180423
ETH,2009,0.004104
ETH,2010,0.004686218
ETH,2011,0.0070479309999999995
ETH,2012,0.00920444
ETH,2013,0.249583277
ETH,2014,0.480440931
ETH,2015,0.47403959799999995
ETH,2016,0.539557259
ETH,2017,0.059163575999999996
FIN,2000,0.674639752
FIN,2001,2.576686715
FIN,2002,5.2461308110000004
FIN,2003,9.395279556
FIN,2004,15.26085571
FIN,2005,22.32774861
FIN,2006,27.07726077
FIN,2007,30.52245496
FIN,2008,30.41668413
FIN,2009,29.3059382
FIN,2010,29.06193356
FIN,2011,29.795708299999998
FIN,2012,30.42788521
FIN,2013,31.62724201
FIN,2014,32.19863878
FIN,2015,31.56100156
FIN,2016,31.140221399999998
FIN,2017,31.02676267
FIN,2018,31.45271337
FJI,2005,0.8519919570000001
FJI,2006,1.02673125
FJI,2007,1.375285521
FJI,2008,1.541471632
FJI,2009,1.502980775
FJI,2010,2.704060627
FJI,2011,2.692689435
FJI,2012,1.56241872
FJI,2013,1.262349701
FJI,2014,1.43423821
FJI,2015,1.4659917319999998
FJI,2016,1.413573376
FJI,2017,1.3829706
FJI,2018,1.475184016
FRA,1998,0.023037341
FRA,1999,0.09368977099999999
FRA,2000,0.333136796
FRA,2001,1.0128968459999999
FRA,2002,2.767399287
FRA,2003,5.924127676
FRA,2004,10.80931341
FRA,2005,15.49571388
FRA,2006,20.66529336
FRA,2007,25.45692061
FRA,2008,28.66135233
FRA,2009,31.74141269
FRA,2010,33.93314168
FRA,2011,35.98259834
FRA,2012,37.72562555
FRA,2013,39.03368925
FRA,2014,40.45422009
FRA,2015,41.68450907
FRA,2016,42.80350858
FRA,2017,43.92180444
FRA,2018,44.77576734
FRO,2001,0.114900951
FRO,2002,0.241356679
FRO,2003,0.830662844
FRO,2004,6.584033613
FRO,2005,12.29621558
FRO,2006,27.46903247
FRO,2007,30.24150549
FRO,2008,31.11250523
FRO,2009,33.22038153
FRO,2010,33.83736981
FRO,2011,33.57589444
FRO,2012,34.11993395
FRO,2013,34.87012445
FRO,2014,36.2030859
FRO,2015,37.02732513
FRO,2016,37.30928113
FRO,2017,37.32800894
FRO,2018,37.48891684
FSM,2003,0.00561267
FSM,2004,0.024384525
FSM,2005,0.043343478
FSM,2006,0.090157634
FSM,2007,0.11106430199999999
FSM,2010,0.969769995
FSM,2013,1.947586051
FSM,2014,2.877724624
FSM,2015,3.009320905
FSM,2016,2.875289207
FSM,2017,3.387792821
GAB,2003,0.012879246
GAB,2004,0.048013178
GAB,2005,0.110028485
GAB,2006,0.12327361
GAB,2007,0.134662072
GAB,2008,0.144875999
GAB,2009,0.235638602
GAB,2010,0.251333013
GAB,2011,0.267120177
GAB,2012,0.28576621399999996
GAB,2013,0.489799243
GAB,2014,0.5733092679999999
GAB,2015,0.568982885
GAB,2016,0.747955672
GAB,2017,0.724856319
GAB,2018,1.373063902
GBR,2000,0.089760743
GBR,2001,0.559769954
GBR,2002,2.286475201
GBR,2003,5.227715697
GBR,2004,10.22820347
GBR,2005,16.418956599999998
GBR,2006,21.39544538
GBR,2007,25.39412393
GBR,2008,27.85420546
GBR,2009,28.45395003
GBR,2010,30.17895673
GBR,2011,32.15914381
GBR,2012,33.60800177
GBR,2013,35.45456823
GBR,2014,36.27131583
GBR,2015,37.48319355
GBR,2016,38.38070604
GBR,2017,39.02955486
GBR,2018,39.5970259
GEO,2001,0.010007031
GEO,2002,0.021603491000000002
GEO,2003,0.033263119
GEO,2004,0.04496173
GEO,2005,0.056767331
GEO,2006,0.644434473
GEO,2007,1.121586074
GEO,2008,2.706742415
GEO,2009,3.6412238980000002
GEO,2010,4.450539009
GEO,2011,6.089266475
GEO,2012,11.39369888
GEO,2013,12.76782356
GEO,2014,14.88921176
GEO,2015,16.47196462
GEO,2016,17.21206839
GEO,2017,19.23122017
GEO,2018,20.99962977
GHA,2004,0.00423085
GHA,2005,0.008728083000000001
GHA,2006,0.056968447
GHA,2007,0.070532303
GHA,2008,0.097522367
GHA,2009,0.117500602
GHA,2010,0.21019290100000002
GHA,2011,0.256616272
GHA,2012,0.262081938
GHA,2013,0.25855351
GHA,2014,0.257746036
GHA,2015,0.262599956
GHA,2016,0.304038225
GHA,2017,0.195079471
GHA,2018,0.20935864
GIB,2009,27.69849546
GIB,2010,31.064463300000003
GIB,2011,33.57134357
GIB,2012,35.60304345
GIB,2014,38.54707191
GIB,2015,46.17322741
GIB,2016,48.62317337
GIB,2017,51.50913188
GIB,2018,57.03778397
GIN,2010,0.004905724
GIN,2011,0.005757897
GIN,2012,0.006571517
GIN,2013,0.007344289
GIN,2014,0.008071038
GIN,2015,0.008747308
GIN,2016,0.00937093
GIN,2017,0.009339119
GIN,2018,0.009770995
GMB,2004,0.00240557
GMB,2005,0.004599217
GMB,2007,0.016403959
GMB,2008,0.017758993
GMB,2009,0.017238615
GMB,2010,0.019518223
GMB,2011,0.023645305
GMB,2012,0.02624654
GMB,2013,0.022304696000000002
GMB,2014,0.135520903
GMB,2015,0.17129625199999998
GMB,2016,0.174488725
GMB,2017,0.180677532
GMB,2018,0.19442180899999997
GNB,2010,0.052541739000000004
GNB,2011,0.06397997700000001
GNB,2012,0.074954252
GNB,2013,0.088093165
GNB,2014,0.08242552
GNB,2015,0.060499585
GNB,2016,0.049707199
GNB,2017,0.046659319000000005
GNB,2018,0.064237212
GNQ,2005,0.024014888999999998
GNQ,2006,0.022944667999999998
GNQ,2007,0.021906152
GNQ,2008,0.020909808999999998
GNQ,2009,0.01996453
GNQ,2010,0.125683657
GNQ,2011,0.13639316099999998
GNQ,2012,0.14352336300000001
GNQ,2013,0.32682622699999997
GNQ,2014,0.34581480299999995
GNQ,2015,0.325098753
GNQ,2016,0.278312678
GNQ,2017,0.15031671900000002
GNQ,2018,0.123760958
GRC,2003,0.093378272
GRC,2004,0.457988755
GRC,2005,1.426422995
GRC,2006,4.3645064719999995
GRC,2007,9.14966047
GRC,2008,13.64998027
GRC,2009,17.48866166
GRC,2010,20.69000831
GRC,2011,22.75615498
GRC,2012,24.94570836
GRC,2013,27.1234207
GRC,2014,29.49197754
GRC,2015,32.26186355
GRC,2016,34.0552614
GRC,2017,35.74706347
GRC,2018,37.652265500000006
GRD,2002,0.543258004
GRD,2004,0.58362962
GRD,2005,3.07851062
GRD,2006,5.283371294
GRD,2007,7.22502139
GRD,2008,8.490744955
GRD,2009,11.69403246
GRD,2010,13.5899391
GRD,2011,13.74021499
GRD,2012,14.89120116
GRD,2013,16.64047333
GRD,2014,17.27332831
GRD,2015,18.02662433
GRD,2016,18.88337672
GRD,2017,20.05429587
GRL,2003,0.209846935
GRL,2004,5.83879988
GRL,2005,12.51602255
GRL,2006,16.17665128
GRL,2007,18.52723664
GRL,2008,21.13439243
GRL,2009,22.10548583
GRL,2010,21.87577245
GRL,2011,21.02666572
GRL,2012,20.15229325
GRL,2013,19.14418407
GRL,2014,18.44593037
GRL,2015,17.73772993
GRL,2017,21.27441086
GRL,2018,23.32225444
GTM,2005,0.206978788
GTM,2006,0.29110949399999997
GTM,2007,0.416048464
GTM,2008,0.674690221
GTM,2009,1.0896698390000001
GTM,2010,1.77028447
GTM,2012,1.835545828
GTM,2013,2.262311892
GTM,2014,2.723906121
GTM,2015,2.829404762
GTM,2016,3.05130363
GTM,2017,3.139231107
GUM,2001,1.1189186770000001
GUM,2007,1.699748815
GUM,2008,1.697728816
GUM,2009,1.884114403
GUM,2010,1.881538346
GUM,2013,1.87024257
GUM,2014,1.8631688780000002
GUY,2005,0.268037949
GUY,2007,0.316420934
GUY,2008,0.6807557940000001
GUY,2009,0.9125097959999999
GUY,2010,1.493523129
GUY,2011,2.731281282
GUY,2012,3.968895908
GUY,2013,4.85983524
GUY,2014,5.924310304
GUY,2015,6.995668672000001
GUY,2016,7.41578598
GUY,2017,8.370376486
HKG,1998,0.17141988
HKG,1999,1.325679582
HKG,2000,6.727641547
HKG,2001,10.74958003
HKG,2002,15.50328085
HKG,2003,18.85541863
HKG,2004,22.50316774
HKG,2005,24.508159600000003
HKG,2006,26.40721662
HKG,2007,27.7621321
HKG,2008,28.12443375
HKG,2009,29.65314308
HKG,2010,31.11701124
HKG,2011,32.81196702
HKG,2012,32.00067605
HKG,2013,31.53185218
HKG,2014,31.97449917
HKG,2015,32.67233937
HKG,2016,36.25336886
HKG,2017,36.380384
HKG,2018,36.82553485
HND,2010,0.012022887
HND,2011,0.675536169
HND,2012,0.70916782
HND,2013,0.784120422
HND,2014,1.762608802
HND,2015,2.1659258130000003
HND,2016,2.377207133
HND,2017,2.52721043
HND,2018,3.701279642
HRV,2003,0.077468247
HRV,2004,0.597643823
HRV,2005,2.6541448290000003
HRV,2006,5.7609894079999995
HRV,2007,8.872356802999999
HRV,2008,12.13032746
HRV,2009,16.52408147
HRV,2010,19.3583655
HRV,2011,20.70054501
HRV,2012,21.39776781
HRV,2013,22.32428673
HRV,2014,23.13434905
HRV,2015,23.29894535
HRV,2016,24.80146614
HRV,2017,26.19934174
HRV,2018,27.12899729
HTI,2012,0.0
HTI,2013,0.0
HTI,2014,0.0
HTI,2015,0.012603382
HTI,2016,0.012435459
HTI,2017,0.272254631
HTI,2018,0.279596353
HUN,2000,0.033266451
HUN,2001,0.307884015
HUN,2002,1.096241739
HUN,2003,2.606272424
HUN,2004,4.0645787030000005
HUN,2005,6.461362985
HUN,2006,11.92553084
HUN,2007,14.51006963
HUN,2008,17.7201518
HUN,2009,19.847734399999997
HUN,2010,21.7521962
HUN,2011,23.37476555
HUN,2012,24.289822
HUN,2013,26.41020272
HUN,2014,26.31860651
HUN,2015,27.80543475
HUN,2016,28.85809714
HUN,2017,30.38683232
HUN,2018,31.7234027
IDN,2000,0.0018911289999999999
IDN,2001,0.006995374
IDN,2002,0.017620716
IDN,2003,0.027960667999999998
IDN,2004,0.038023039
IDN,2005,0.047814863
IDN,2006,0.08475862199999999
IDN,2007,0.335136108
IDN,2008,0.416852674
IDN,2009,0.7810814690000001
IDN,2010,0.9429253009999999
IDN,2011,1.116360884
IDN,2012,1.200635671
IDN,2013,1.291394546
IDN,2014,1.332663991
IDN,2015,1.5415085569999998
IDN,2016,1.998572155
IDN,2017,2.348724875
IDN,2018,3.315312884
IND,2001,0.004651162
IND,2002,0.00753752
IND,2003,0.012627896999999999
IND,2004,0.020803392
IND,2005,0.117461514
IND,2006,0.197342519
IND,2007,0.264534732
IND,2008,0.439754556
IND,2009,0.636079761
IND,2010,0.8903967970000001
IND,2011,1.0678489759999998
IND,2012,1.183631838
IND,2013,1.165457452
IND,2014,1.215652255
IND,2015,1.293189247
IND,2016,1.408310236
IND,2017,1.333856253
IND,2018,1.343296766
IRL,2002,0.271238624
IRL,2003,1.050231202
IRL,2004,3.7480317289999996
IRL,2005,0.019076107
IRL,2005,7.787554546
IRL,2006,13.27700436
IRL,2007,0.061523365999999996
IRL,2007,17.54416147
IRL,2008,0.12250784099999999
IRL,2008,20.18271816
IRL,2009,0.206807207
IRL,2009,21.72353966
IRL,2010,0.324504676
IRL,2010,22.39552285
IRL,2011,23.3228384
IRL,2012,0.521270396
IRL,2012,24.13268701
IRL,2013,0.577517423
IRL,2013,25.76605129
IRL,2014,0.776036992
IRL,2014,27.20554227
IRL,2015,0.9294912240000001
IRL,2015,28.14590241
IRL,2016,1.094649195
IRL,2016,28.96652504
IRL,2017,1.254779423
IRL,2017,29.42806429
IRL,2018,1.407683522
IRL,2018,29.679435700000003
IRN,2000,0.000268197
IRN,2001,0.0009947460000000001
IRN,2002,0.024033661
IRN,2003,0.027450372
IRN,2006,0.141733882
IRN,2007,0.280361484
IRN,2008,0.415969894
IRN,2009,0.548509968
IRN,2010,1.338822228
IRN,2011,2.840100785
IRN,2012,5.035343054
IRN,2013,6.748200402
IRN,2014,7.932819876
IRN,2015,8.419512687000001
IRN,2016,9.562818677000001
IRN,2017,10.66014016
IRN,2018,11.98789788
IRQ,2006,9.470000000000001e-05
IRQ,2007,0.000351113
IRQ,2008,0.00019023599999999999
IRQ,2009,0.000417628
IRQ,2010,0.010480138
IRQ,2017,11.42900974
IRQ,2018,11.68854336
ISL,1999,0.029150322000000003
ISL,2000,0.840836557
ISL,2001,3.684603067
ISL,2002,8.505970301
ISL,2003,14.43678113
ISL,2004,19.15604045
ISL,2005,26.44832344
ISL,2006,29.27332177
ISL,2007,32.77574439
ISL,2008,34.10485884
ISL,2009,33.87689757
ISL,2010,34.09380385
ISL,2011,34.49550814
ISL,2012,34.82859003
ISL,2013,35.9020988
ISL,2014,36.41180302
ISL,2015,37.68013251
ISL,2016,38.53723292
ISL,2017,39.94521416
ISL,2018,40.555606700000006
ISR,2001,0.723764148
ISR,2002,3.755085858
ISR,2003,10.08382107
ISR,2004,15.32084507
ISR,2005,18.83191599
ISR,2006,21.27042676
ISR,2007,22.32318569
ISR,2008,23.98574757
ISR,2009,23.96372535
ISR,2010,23.98438646
ISR,2011,25.09688665
ISR,2012,25.43679855
ISR,2013,25.895813500000003
ISR,2014,27.13193543
ISR,2015,27.23573007
ISR,2016,27.84565516
ISR,2017,28.40906334
ISR,2018,28.75374813
ITA,2000,0.202849853
ITA,2001,0.685712513
ITA,2002,1.486468268
ITA,2003,3.908653007
ITA,2004,8.152939586
ITA,2005,0.015356334
ITA,2005,11.70567626
ITA,2006,14.51493313
ITA,2007,0.048088917
ITA,2007,17.22977795
ITA,2008,0.08060732400000001
ITA,2008,19.13757364
ITA,2009,0.148096471
ITA,2009,20.44566317
ITA,2010,0.20073080899999998
ITA,2010,22.07834377
ITA,2011,0.321110135
ITA,2011,22.68655752
ITA,2012,0.35994066700000005
ITA,2012,22.98510954
ITA,2013,0.474260022
ITA,2013,23.29020159
ITA,2014,0.705476324
ITA,2014,23.80827259
ITA,2015,0.876029066
ITA,2015,24.59646983
ITA,2016,1.066240569
ITA,2016,25.65528181
ITA,2017,1.203565013
ITA,2017,27.33701048
ITA,2018,1.613220088
ITA,2018,28.13997577
JAM,2001,0.12094805300000001
JAM,2002,0.334219014
JAM,2003,0.33217233
JAM,2004,0.9908202340000001
JAM,2005,1.6423339680000002
JAM,2006,2.477593181
JAM,2007,3.3511702619999997
JAM,2008,3.498466502
JAM,2009,4.013145258
JAM,2010,4.151811447
JAM,2011,4.185136994
JAM,2012,4.329355568
JAM,2013,4.925854721
JAM,2014,5.271188628
JAM,2015,7.917272132999999
JAM,2016,9.843247417
JAM,2017,8.186663599
JAM,2018,9.702584155
JOR,2001,0.00783925
JOR,2002,0.05974605400000001
JOR,2003,0.09193913199999999
JOR,2004,0.18680186699999998
JOR,2005,0.40847192
JOR,2006,0.811510897
JOR,2007,1.419888478
JOR,2008,2.224334467
JOR,2009,3.4525899210000004
JOR,2010,4.038758175
JOR,2011,3.870781169
JOR,2012,3.711933381
JOR,2013,3.8547089480000003
JOR,2014,3.9442738439999996
JOR,2015,3.34239997
JOR,2016,3.1119436869999997
JOR,2017,3.391889692
JOR,2018,4.009867021
JPN,1998,0.025173572999999998
JPN,1999,0.169643185
JPN,2000,0.670190579
JPN,2001,3.0028071819999997
JPN,2002,7.347876951
JPN,2003,11.64872297
JPN,2004,15.25468492
JPN,2005,18.15772637
JPN,2006,20.58737279
JPN,2007,22.02670198
JPN,2008,23.43083573
JPN,2009,25.56349787
JPN,2010,26.529604600000003
JPN,2011,27.77937861
JPN,2012,28.1353374
JPN,2013,28.772070000000003
JPN,2014,29.48375616
JPN,2015,30.37273009
JPN,2016,31.15573635
JPN,2017,31.78948999
JPN,2018,32.62230968
KAZ,2003,0.006609254
KAZ,2004,0.013095068999999999
KAZ,2005,0.019451
KAZ,2006,0.19612548600000002
KAZ,2007,1.7218711580000001
KAZ,2008,2.126449278
KAZ,2009,3.598726847
KAZ,2010,5.35063421
KAZ,2011,7.236819365
KAZ,2012,9.774035498
KAZ,2013,11.50481346
KAZ,2014,12.41430847
KAZ,2015,13.09468418
KAZ,2016,13.17880684
KAZ,2017,14.24832573
KAZ,2018,13.44405762
KEN,2005,0.014741339
KEN,2006,0.04707425
KEN,2007,0.045825017
KEN,2008,0.008247893000000001
KEN,2009,0.044496827999999995
KEN,2010,0.016335688
KEN,2011,0.125396397
KEN,2012,0.122561459
KEN,2013,0.162882318
KEN,2014,0.21801473300000002
KEN,2015,0.28218817
KEN,2016,0.270535882
KEN,2017,0.5740669939999999
KEN,2018,0.7228633170000001
KGZ,2002,0.000721229
KGZ,2003,0.002772498
KGZ,2004,0.037844773
KGZ,2005,0.045159474000000005
KGZ,2006,0.053899182000000004
KGZ,2007,0.060084190999999995
KGZ,2008,0.36217081
KGZ,2009,0.325322276
KGZ,2010,0.42515223700000004
KGZ,2011,0.707512719
KGZ,2012,0.971506923
KGZ,2013,2.376422953
KGZ,2014,2.920781339
KGZ,2015,3.549533564
KGZ,2016,3.965424993
KGZ,2017,4.16840274
KGZ,2018,5.641470615
KHM,2002,0.00039564099999999996
KHM,2003,0.003259137
KHM,2004,0.005969478
KHM,2005,0.007533891
KHM,2006,0.02151701
KHM,2007,0.061769177
KHM,2008,0.1195203
KHM,2009,0.212862516
KHM,2010,0.24919977399999999
KHM,2011,0.15129193300000002
KHM,2012,0.201171087
KHM,2013,0.21727192
KHM,2014,0.43281932
KHM,2015,0.537991459
KHM,2016,0.6193022429999999
KHM,2017,0.834715385
KHM,2018,1.022782322
KIR,2005,0.34876793899999997
KIR,2006,0.426104745
KIR,2007,0.522133704
KIR,2008,0.693593625
KIR,2009,0.757951055
KIR,2010,0.821941765
KIR,2011,0.811626308
KIR,2012,0.752091755
KIR,2013,0.648808972
KIR,2014,0.45707599299999996
KIR,2015,0.105471919
KIR,2016,0.05865415400000001
KIR,2017,0.06657439700000001
KIR,2018,0.7630754359999999
KNA,2002,1.107051921
KNA,2003,4.371966948
KNA,2004,9.498316208
KNA,2005,13.87199351
KNA,2006,18.58932381
KNA,2007,20.0929298
KNA,2008,23.04451593
KNA,2009,26.7495216
KNA,2010,29.78619226
KNA,2011,25.48182903
KNA,2012,26.058893100000002
KNA,2013,26.42506606
KNA,2014,27.60861858
KNA,2015,31.98250103
KNA,2016,27.46343826
KNA,2017,16.64521088
KOR,1998,0.030029585
KOR,1999,0.591276037
KOR,2000,8.168134226
KOR,2001,16.38784071
KOR,2002,21.67830042
KOR,2003,23.16264242
KOR,2004,24.58361121
KOR,2005,25.03170926
KOR,2006,28.72865883
KOR,2007,29.99909248
KOR,2008,31.46433151
KOR,2009,33.12950792
KOR,2010,34.70390813
KOR,2011,35.87246407
KOR,2012,36.4611027
KOR,2013,37.21769222
KOR,2014,37.93662915
KOR,2015,39.40023682
KOR,2016,40.31833895
KOR,2017,41.48220183
KOR,2018,41.59692858
KWT,2001,0.23772371
KWT,2002,0.491343694
KWT,2003,0.6013991320000001
KWT,2004,0.9088876490000001
KWT,2005,1.101225532
KWT,2006,1.263864595
KWT,2007,1.397752972
KWT,2008,1.506018993
KWT,2009,1.595153569
KWT,2010,1.537492764
KWT,2011,1.483557761
KWT,2012,1.403465604
KWT,2013,1.332813064
KWT,2014,1.300481368
KWT,2015,1.4339380819999998
KWT,2016,2.562375612
KWT,2017,2.90227137
KWT,2018,2.509382904
LAO,2003,0.00044829900000000004
LAO,2004,0.000883048
LAO,2005,0.005459278000000001
LAO,2006,0.012675173
LAO,2007,0.019091841000000002
LAO,2008,0.04789452599999999
LAO,2009,0.070210842
LAO,2010,0.09417258099999999
LAO,2011,0.103126127
LAO,2012,0.117588094
LAO,2013,0.137969432
LAO,2014,0.16999118600000002
LAO,2015,0.182698418
LAO,2016,0.356800314
LAO,2017,0.39144057200000004
LAO,2018,0.642624867
LBN,2002,0.0
LBN,2003,0.0
LBN,2004,0.0
LBN,2005,0.0
LBN,2006,0.0
LBN,2007,1.048802016
LBN,2008,2.098749964
LBN,2009,4.093059127
LBN,2010,6.684533059
LBN,2011,7.734082836000001
LBN,2012,8.599103729
LBN,2013,8.117676545
LBN,2014,18.0822719
LBN,2018,0.136965173
LBR,2008,0.0030488990000000003
LBR,2009,0.003995596
LBR,2010,0.004779825
LBR,2011,0.0015681620000000001
LBR,2012,0.01267029
LBR,2013,0.11957628599999999
LBR,2014,0.137630273
LBR,2015,0.156521467
LBR,2016,0.174414029
LBR,2017,0.191398712
LBY,2008,0.76322699
LBY,2009,1.027064955
LBY,2010,1.17463631
LBY,2011,1.1204591190000002
LBY,2012,1.070676075
LBY,2013,1.0236758670000001
LBY,2014,0.9871052309999999
LBY,2015,0.950405208
LBY,2016,2.60190673
LBY,2017,4.832295048
LCA,2003,0.872111132
LCA,2004,2.34834627
LCA,2005,4.283520074
LCA,2006,4.339071598
LCA,2007,6.608247484
LCA,2008,9.132938457
LCA,2009,10.79194756
LCA,2010,11.77068673
LCA,2011,12.15649638
LCA,2012,13.91087259
LCA,2013,13.91672723
LCA,2014,15.81583434
LCA,2015,15.86927638
LCA,2016,16.5455717
LCA,2017,17.58900052
LCA,2018,17.73884072
LIE,2002,4.241565572
LIE,2003,4.389173372
LIE,2004,13.76117497
LIE,2005,24.82355314
LIE,2006,28.59593938
LIE,2007,40.32143567
LIE,2008,43.83862874
LIE,2009,44.73647382
LIE,2010,42.36817247
LIE,2011,37.45901413
LIE,2012,39.37184214
LIE,2013,40.65630584
LIE,2014,41.93643715
LIE,2015,41.88951161
LIE,2016,42.31504594
LIE,2017,42.9973545
LIE,2018,44.08335532
LKA,2001,0.0017290860000000001
LKA,2002,0.003105577
LKA,2003,0.017774622
LKA,2004,0.10548222300000001
LKA,2005,0.107444425
LKA,2006,0.11624204199999999
LKA,2007,0.31883308
LKA,2008,0.510018423
LKA,2009,0.8427954009999999
LKA,2010,1.126833302
LKA,2011,1.759933587
LKA,2012,1.724087549
LKA,2013,2.053700118
LKA,2014,2.7303590910000004
LKA,2015,2.993668413
LKA,2016,4.244216462
LKA,2017,5.776704617
LKA,2018,7.274625469
LSO,2004,0.001096743
LSO,2005,0.00225438
LSO,2007,0.005536201
LSO,2008,0.00704534
LSO,2009,0.020099179
LSO,2010,0.020044288
LSO,2011,0.066823436
LSO,2012,0.081191309
LSO,2013,0.112150178
LSO,2014,0.07350332400000001
LSO,2015,0.10014468
LSO,2016,0.107468326
LSO,2017,0.23050067600000002
LSO,2018,0.273344565
LTU,2001,0.069869373
LTU,2002,0.580591466
LTU,2003,1.956147043
LTU,2004,3.816799763
LTU,2005,6.999468942000001
LTU,2006,11.16190153
LTU,2007,17.15371067
LTU,2008,18.36687816
LTU,2009,20.01029279
LTU,2010,21.74651132
LTU,2011,23.6005154
LTU,2012,25.24529963
LTU,2013,27.79057301
LTU,2014,26.985152600000003
LTU,2015,28.42196816
LTU,2016,29.68486173
LTU,2017,28.072153999999998
LTU,2018,28.15668213
LUX,2001,0.276012158
LUX,2002,1.313197784
LUX,2003,3.431756095
LUX,2004,8.078456196
LUX,2005,15.310958800000002
LUX,2006,21.24739589
LUX,2007,27.09537496
LUX,2008,29.50113822
LUX,2009,31.4423989
LUX,2010,33.15055061
LUX,2011,32.68837123
LUX,2012,31.967177600000003
LUX,2013,32.53096432
LUX,2014,33.68703518
LUX,2015,34.46018552
LUX,2016,35.06173351
LUX,2017,36.25551182
LUX,2018,37.12070435
LVA,2000,0.011911932
LVA,2001,0.13715222800000001
LVA,2002,0.42871903
LVA,2003,0.8471070079999999
LVA,2004,2.156590773
LVA,2005,2.6984986189999995
LVA,2006,4.92902233
LVA,2007,15.40242456
LVA,2008,18.98014009
LVA,2009,21.20091291
LVA,2010,20.5240457
LVA,2011,21.84848181
LVA,2012,23.01292015
LVA,2013,24.25478873
LVA,2014,24.98492247
LVA,2015,25.20446279
LVA,2016,26.29605129
LVA,2017,26.97057091
LVA,2018,27.27540487
MAC,2000,0.87217321
MAC,2001,2.235019569
MAC,2002,3.777452481
MAC,2003,6.0356611220000005
MAC,2004,9.588271342
MAC,2005,14.08902824
MAC,2006,18.67500744
MAC,2007,21.90200015
MAC,2008,23.594681299999998
MAC,2009,23.963145899999997
MAC,2010,24.54038226
MAC,2011,24.99146745
MAC,2012,25.63581596
MAC,2013,26.29084888
MAC,2014,27.36289579
MAC,2015,28.225084499999998
MAC,2016,29.03860087
MAC,2017,29.8754387
MAC,2018,30.56459733
MAR,2002,0.006790071999999999
MAR,2003,0.009105901
MAR,2004,0.214708752
MAR,2005,0.8180377959999999
MAR,2006,1.272069575
MAR,2007,1.531783497
MAR,2008,1.5639755080000002
MAR,2009,1.501774855
MAR,2010,1.559821081
MAR,2011,1.815660024
MAR,2012,2.07431284
MAR,2013,2.503106638
MAR,2014,2.9054767999999997
MAR,2015,3.31048391
MAR,2016,3.574041694
MAR,2017,3.87526241
MAR,2018,4.309292493
MCO,2000,2.48856814
MCO,2001,8.186017863
MCO,2002,14.94848503
MCO,2003,19.71163997
MCO,2004,22.70447761
MCO,2005,28.07079751
MCO,2006,32.17315004
MCO,2007,0.017109972
MCO,2007,35.62635771
MCO,2008,0.027426584
MCO,2008,37.27919248
MCO,2009,0.046014784
MCO,2009,38.04008403
MCO,2010,0.068031907
MCO,2010,38.75098281
MCO,2011,0.127132407
MCO,2011,44.19276038
MCO,2012,0.191941485
MCO,2012,44.59133297
MCO,2013,0.254827932
MCO,2013,45.78737704
MCO,2014,0.337546275
MCO,2014,47.69304968
MCO,2015,0.401229396
MCO,2015,48.66111671
MCO,2016,0.443774874
MCO,2016,48.89414237
MCO,2017,0.5406661660000001
MCO,2017,50.16149198
MCO,2018,0.7369893
MCO,2018,51.24347242
MDA,2001,0.005708016999999999
MDA,2002,0.010004236
MDA,2003,0.014305315
MDA,2004,0.058277925
MDA,2005,0.249922282
MDA,2006,0.525581457
MDA,2007,1.278553539
MDA,2008,2.801605975
MDA,2009,4.579967678
MDA,2010,6.62630036
MDA,2011,8.735221237000001
MDA,2012,10.26836887
MDA,2013,11.51936477
MDA,2014,12.50046951
MDA,2015,13.12779129
MDA,2016,13.70884816
MDA,2017,14.39348481
MDA,2018,15.37866762
MDG,2006,0.0072085840000000005
MDG,2007,0.012113085
MDG,2008,0.017443076000000002
MDG,2009,0.022246943999999998
MDG,2010,0.025487385
MDG,2011,0.031512188999999996
MDG,2012,0.139067856
MDG,2013,0.165443918
MDG,2014,0.10527816
MDG,2015,0.097771371
MDG,2016,0.10598782
MDG,2017,0.098011334
MDG,2018,0.10361235099999999
MDV,2002,0.06458499
MDV,2003,0.166180459
MDV,2004,0.230350345
MDV,2005,1.019999499
MDV,2006,1.915801238
MDV,2007,3.104404047
MDV,2008,4.471949501
MDV,2009,4.352033683999999
MDV,2010,4.252544199
MDV,2011,4.6355405460000005
MDV,2012,4.546152548999999
MDV,2013,4.896858224
MDV,2014,4.5612220269999995
MDV,2015,5.0943582869999995
MDV,2016,6.163672
MDV,2017,7.359760839
MDV,2018,10.36851168
MEX,2000,0.015166859
MEX,2001,0.049851367
MEX,2001,0.028712605
MEX,2002,0.22765063800000002
MEX,2002,0.127558597
MEX,2003,0.415567289
MEX,2003,0.358595896
MEX,2004,1.0116085609999999
MEX,2004,0.8060359340000001
MEX,2005,1.81345061
MEX,2005,1.130371886
MEX,2006,2.807731224
MEX,2006,1.6505776140000001
MEX,2007,4.1260431319999995
MEX,2007,2.177092628
MEX,2008,6.797468374
MEX,2008,2.882449223
MEX,2009,8.572678978999999
MEX,2009,3.6671595480000003
MEX,2010,9.275650944
MEX,2010,4.461632743
MEX,2011,9.996993573
MEX,2011,5.500593811
MEX,2012,11.15102982
MEX,2012,5.996822586
MEX,2013,10.72808009
MEX,2013,6.487306404
MEX,2014,10.82838697
MEX,2014,6.905641354
MEX,2015,12.11053419
MEX,2015,8.491614007999999
MEX,2016,12.91132337
MEX,2016,9.525692169
MEX,2017,13.62465667
MEX,2017,11.05235156
MEX,2018,14.54862775
MEX,2018,11.64093496
MHL,2002,0.41671532299999997
MHL,2003,0.9872743190000001
MHL,2004,1.54518001
MHL,2005,2.058902962
MHL,2005,2.150383202
MHL,2006,3.097216383
MHL,2007,3.709065175
MHL,2007,3.833028077
MHL,2008,4.845312778
MHL,2008,4.352649986
MHL,2009,6.269078177000001
MHL,2009,5.103876206
MHL,2010,6.785085655
MHL,2010,5.238385313
MHL,2011,7.095663185
MHL,2011,6.0444833
MHL,2012,8.868661727000001
MHL,2012,6.302785339
MHL,2013,9.46773697
MHL,2013,2.255084478
MHL,2013,6.672145036
MHL,2014,10.50218291
MHL,2014,2.399482327
MHL,2014,6.868790026
MHL,2015,12.42187297
MHL,2015,1.740977385
MHL,2015,7.0625681789999994
MHL,2016,13.36914381
MHL,2016,1.732051615
MHL,2016,7.168062322999999
MHL,2017,13.72033906
MHL,2017,1.7224155159999999
MHL,2017,7.270629285
MHL,2018,15.32391925
MHL,2018,8.155898105
MKD,2005,0.603609328
MKD,2006,1.768428665
MKD,2007,4.866163203
MKD,2008,8.755906822
MKD,2009,11.25077874
MKD,2010,12.49509234
MKD,2011,13.585851199999999
MKD,2012,15.05449125
MKD,2013,16.30419442
MKD,2014,17.04198
MKD,2015,17.42971768
MKD,2016,18.33628661
MKD,2017,19.03437855
MKD,2018,20.54598343
MLI,2006,0.023365233
MLI,2007,0.023440709
MLI,2008,0.037354102
MLI,2009,0.056537669000000006
MLI,2010,0.053284683
MLI,2011,0.054671119000000004
MLI,2012,0.027034645
MLI,2013,0.017684048
MLI,2015,0.020064479
MLI,2016,0.119362489
MLI,2017,0.08318735
MLI,2018,0.633900781
MLT,2000,0.420683611
MLT,2001,2.310460023
MLT,2002,4.433960845
MLT,2003,5.671819767000001
MLT,2004,9.344690021
MLT,2005,12.70446531
MLT,2006,13.03085192
MLT,2007,20.59129292
MLT,2008,23.98318889
MLT,2009,27.61643729
MLT,2010,30.38939971
MLT,2011,30.80528783
MLT,2012,32.18470919
MLT,2013,33.55852738
MLT,2014,35.22967385
MLT,2015,37.64308895
MLT,2016,39.27176752
MLT,2017,41.40313701
MLT,2018,43.6730503
MMR,2005,0.000496426
MMR,2006,0.008034312
MMR,2007,0.013030648999999998
MMR,2008,0.020018169
MMR,2009,0.046248418
MMR,2010,0.045354998
MMR,2011,0.042945156
MMR,2015,0.062491545999999995
MMR,2016,0.169074673
MMR,2017,0.208995367
MMR,2018,0.240279346
MNE,2005,1.243528864
MNE,2007,2.881422957
MNE,2008,6.39750853
MNE,2009,9.524046496
MNE,2010,10.35841576
MNE,2011,10.34944904
MNE,2012,14.02212725
MNE,2013,15.28247212
MNE,2014,16.57445603
MNE,2015,17.92693586
MNE,2016,18.30935619
MNE,2017,21.89835921
MNE,2018,25.33079328
MNG,2001,0.0020251379999999997
MNG,2002,0.003683586
MNG,2003,0.020253066
MNG,2004,0.036052045
MNG,2005,0.071246948
MNG,2006,0.136779874
MNG,2007,0.285100739
MNG,2008,1.235002268
MNG,2009,1.498880244
MNG,2010,2.821946133
MNG,2011,3.394936617
MNG,2012,3.900062945
MNG,2013,4.848686112
MNG,2014,6.708835186
MNG,2015,6.9385103379999995
MNG,2016,7.399216847000001
MNG,2017,9.155831518
MNG,2018,9.657070685
MOZ,2006,0.010441121999999999
MOZ,2007,0.029377137999999997
MOZ,2008,0.049985195
MOZ,2009,0.060048805999999996
MOZ,2010,0.073615985
MOZ,2011,0.117308556
MOZ,2012,0.118402437
MOZ,2013,0.112876165
MOZ,2014,0.140701253
MOZ,2015,0.15742177699999998
MOZ,2016,0.16744198300000002
MOZ,2017,0.215159207
MOZ,2018,0.23780170399999997
MRT,2005,0.0054229330000000004
MRT,2006,0.031267011000000004
MRT,2007,0.12490175699999999
MRT,2008,0.17826382699999999
MRT,2009,0.199651737
MRT,2010,0.166247161
MRT,2011,0.170063868
MRT,2012,0.18067990399999997
MRT,2013,0.19730220899999998
MRT,2014,0.203515941
MRT,2015,0.238192858
MRT,2016,0.267585246
MRT,2017,0.295079824
MRT,2018,0.300273907
MUS,2002,0.023714192000000002
MUS,2003,0.09793266099999999
MUS,2004,0.210911286
MUS,2005,0.441733776
MUS,2006,2.2714151819999997
MUS,2007,2.8472577360000004
MUS,2008,4.23727993
MUS,2009,5.858161353
MUS,2010,7.526072655
MUS,2011,9.450634652
MUS,2012,11.2326564
MUS,2013,12.93558017
MUS,2014,14.4748301
MUS,2015,15.67343361
MUS,2016,16.84807804
MUS,2017,19.45434516
MUS,2018,21.63851371
MWI,2003,0.000574991
MWI,2004,0.001121784
MWI,2005,0.0031997590000000004
MWI,2007,0.007000551
MWI,2008,0.007182458
MWI,2009,0.0073187190000000004
MWI,2010,0.007462371999999999
MWI,2011,0.011562536000000002
MWI,2012,0.008041042
MWI,2013,0.055412851
MWI,2014,0.052555159000000004
MWI,2015,0.034965029
MWI,2016,0.050519431
MWI,2017,0.061210413
MWI,2018,0.062601908
MYS,2001,0.016871146
MYS,2002,0.079732684
MYS,2003,0.446993032
MYS,2004,1.002355953
MYS,2005,1.880453524
MYS,2006,2.8661976869999997
MYS,2007,3.87419785
MYS,2008,4.880671564
MYS,2009,5.601578364
MYS,2010,7.436888107000001
MYS,2011,8.749096322
MYS,2012,10.04844161
MYS,2013,9.972539546
MYS,2014,10.24890578
MYS,2015,10.12125085
MYS,2016,8.860455132
MYS,2017,8.641152836
MYS,2018,8.551120205
NAM,2005,0.006913203000000001
NAM,2006,0.010044047
NAM,2007,0.012758446000000001
NAM,2008,0.01566022
NAM,2009,0.022921188
NAM,2010,0.44528367399999996
NAM,2011,0.8165260040000001
NAM,2012,1.095917
NAM,2013,1.60017336
NAM,2014,1.812773074
NAM,2015,3.0415084169999997
NAM,2016,2.728659855
NAM,2017,2.737788085
NAM,2018,2.531061336
NCL,2001,0.059595563
NCL,2002,0.310446067
NCL,2003,0.72760901
NCL,2004,2.209693279
NCL,2005,4.060192352
NCL,2006,6.502313175
NCL,2007,8.348710192999999
NCL,2008,10.31840937
NCL,2009,13.24389707
NCL,2010,15.06585097
NCL,2011,16.63736024
NCL,2012,18.37692258
NCL,2013,20.28443624
NCL,2014,21.77493753
NCL,2015,20.42720381
NER,2004,0.000586626
NER,2005,0.001556024
NER,2006,0.0024533420000000003
NER,2007,0.0032821720000000003
NER,2008,0.004045661
NER,2009,0.006311883000000001
NER,2010,0.009110773
NER,2011,0.012351906999999999
NER,2012,0.020617908
NER,2013,0.034586591
NER,2014,0.155684622
NER,2015,0.13592869800000001
NER,2016,0.03707285
NER,2017,0.040041881
NGA,2005,0.00036006199999999997
NGA,2007,0.036622939
NGA,2008,0.045102928
NGA,2009,0.053107426
NGA,2010,0.062527445
NGA,2012,0.008538601
NGA,2013,0.008759019
NGA,2014,0.008922653000000001
NGA,2015,0.008660826
NGA,2016,0.058039825999999996
NGA,2017,0.058066808
NGA,2018,0.037761388
NIC,2000,0.013808606999999999
NIC,2001,0.031173681
NIC,2002,0.044431007
NIC,2003,0.083199203
NIC,2004,0.093216414
NIC,2005,0.19368634699999998
NIC,2006,0.34535398100000003
NIC,2007,0.49283951600000003
NIC,2008,0.7624617290000001
NIC,2009,1.369378539
NIC,2010,1.258210545
NIC,2011,1.441494796
NIC,2012,1.693465269
NIC,2013,2.1721721080000003
NIC,2014,1.8136721269999998
NIC,2015,1.868930011
NIC,2016,2.808133409
NIC,2017,3.290979923
NIC,2018,2.9759952089999997
NLD,1998,0.479497603
NLD,2000,1.632531275
NLD,2001,2.9104550010000003
NLD,2002,7.268405941
NLD,2003,12.27088459
NLD,2004,19.68419092
NLD,2005,25.05016448
NLD,2006,31.58253872
NLD,2007,33.36230145
NLD,2008,35.0372016
NLD,2009,36.86312102
NLD,2010,37.93701066
NLD,2011,38.8214367
NLD,2012,39.62638996
NLD,2013,40.32415587
NLD,2014,40.55640475
NLD,2015,41.49775609
NLD,2016,42.53368191
NLD,2017,42.82610536
NLD,2018,43.416711799999995
NOR,2000,0.517783946
NOR,2001,1.957509653
NOR,2002,4.516193179
NOR,2003,8.725355603999999
NOR,2004,14.60710615
NOR,2005,21.40049875
NOR,2006,26.63251868
NOR,2007,30.87817058
NOR,2008,33.06274823
NOR,2009,34.56149852
NOR,2010,35.27216603
NOR,2011,36.08643724
NOR,2012,37.05288839
NOR,2013,37.61663407
NOR,2014,38.44860193
NOR,2015,39.43316674
NOR,2016,40.12560396
NOR,2017,40.88156583
NOR,2018,41.33635646
NPL,2006,0.00369437
NPL,2007,0.041531191
NPL,2008,0.045000153
NPL,2009,0.063525872
NPL,2010,0.22276877
NPL,2011,0.35004337799999996
NPL,2012,0.854483705
NPL,2013,1.157110359
NPL,2014,0.931398963
NPL,2015,1.12050584
NPL,2016,0.822288228
NPL,2017,1.8210538459999999
NPL,2018,2.81879649
NRU,2010,9.495252374
NZL,2000,0.12070487699999999
NZL,2001,0.441844832
NZL,2002,1.097596239
NZL,2003,2.063614523
NZL,2004,4.697902528999999
NZL,2005,7.762332375
NZL,2006,11.23298091
NZL,2007,20.1514465
NZL,2008,21.38681277
NZL,2009,23.646895899999997
NZL,2010,24.98820383
NZL,2011,26.65955745
NZL,2012,28.46620209
NZL,2013,29.12461284
NZL,2014,30.87009666
NZL,2015,31.44197505
NZL,2016,32.84852868
NZL,2017,33.66628144
NZL,2018,34.72389862
OMN,2002,0.004154428
OMN,2003,0.00569952
OMN,2004,0.027315287999999997
OMN,2005,0.527227266
OMN,2006,0.7774847540000001
OMN,2007,0.759345135
OMN,2008,1.179477877
OMN,2009,1.43005355
OMN,2010,1.925276038
OMN,2011,2.4058567109999998
OMN,2012,3.239652959
OMN,2013,4.098219138
OMN,2014,4.396612089
OMN,2015,5.465549095
OMN,2016,6.354835519
OMN,2017,7.478169402000001
OMN,2018,8.73873816
PAK,2005,0.009107695
PAK,2006,0.016223981000000002
PAK,2007,0.02690752
PAK,2008,0.09792193
PAK,2009,0.22311787
PAK,2010,0.440010355
PAK,2011,0.636140446
PAK,2012,0.809914543
PAK,2013,0.851248635
PAK,2014,1.028485633
PAK,2015,0.8991758009999999
PAK,2016,0.806754449
PAK,2017,0.88004731
PAK,2018,0.853498388
PAN,2001,0.251517325
PAN,2002,0.38851284799999997
PAN,2003,0.46864366
PAN,2004,0.512210968
PAN,2005,0.527503163
PAN,2006,3.3239711689999996
PAN,2007,4.351393805
PAN,2008,5.5795966329999995
PAN,2009,6.548391197999999
PAN,2010,7.090699805
PAN,2011,7.631034595
PAN,2012,7.816712663
PAN,2013,8.011242532
PAN,2014,7.94770685
PAN,2015,7.966965748
PAN,2016,10.64955891
PAN,2017,10.74233783
PAN,2018,12.93361128
PER,1999,0.000287596
PER,2000,0.004074083
PER,2002,0.138006141
PER,2003,0.343077688
PER,2004,0.823951075
PER,2005,1.2654136409999999
PER,2006,1.7254929669999999
PER,2007,2.012554101
PER,2008,2.540280608
PER,2009,2.874562974
PER,2010,3.2124620110000004
PER,2011,4.14076624
PER,2012,4.889668099
PER,2013,5.416849279
PER,2014,5.872502218999999
PER,2015,6.56189969
PER,2016,6.857530252
PER,2017,7.347014075
PHL,2001,0.012551323
PHL,2002,0.025809541000000002
PHL,2003,0.06622359400000001
PHL,2004,0.105063665
PHL,2005,0.142482733
PHL,2006,0.301551935
PHL,2007,0.554944718
PHL,2008,1.1503777720000001
PHL,2009,1.86379126
PHL,2011,1.874018063
PHL,2012,2.208148996
PHL,2013,2.602163989
PHL,2014,2.8851948530000002
PHL,2015,2.8399850939999998
PHL,2016,2.879936428
PHL,2017,3.2320970439999996
PHL,2018,3.675257165
PLW,2004,0.372476972
PLW,2005,0.505535615
PLW,2006,0.496417605
PLW,2007,0.527194906
PLW,2008,0.593455945
PLW,2009,0.776592836
PLW,2010,1.331105542
PLW,2011,2.91913215
PLW,2012,5.090702948000001
PLW,2013,10.25218675
PLW,2014,6.297515035
PLW,2015,6.9289555620000005
PNG,2008,0.042817
PNG,2009,0.062325257
PNG,2010,0.083441545
PNG,2011,0.100372059
PNG,2012,0.12056085400000001
PNG,2013,0.145087939
PNG,2014,0.166106059
PNG,2015,0.18500760100000002
PNG,2016,0.20551848600000003
PNG,2017,0.21331978199999999
POL,2001,0.031144901000000003
POL,2001,0.8376018940000001
POL,2002,0.31615556699999997
POL,2002,1.3424180890000001
POL,2003,0.509216212
POL,2003,1.975955607
POL,2004,2.2809246919999997
POL,2004,2.9434734610000004
POL,2005,2.463343471
POL,2005,3.657764375
POL,2006,7.590128394
POL,2006,4.6519976839999995
POL,2007,10.88302405
POL,2007,5.3697140889999995
POL,2008,11.63467137
POL,2008,6.25741229
POL,2009,14.59118757
POL,2009,7.096457578
POL,2010,15.28445466
POL,2010,7.846251604
POL,2011,18.21025616
POL,2011,8.98314997
POL,2012,18.01780959
POL,2012,9.353165327000001
POL,2013,18.42614247
POL,2013,9.773020686
POL,2014,18.99093512
POL,2014,10.21706337
POL,2015,19.10272627
POL,2015,11.51748478
POL,2016,19.28946685
POL,2016,12.40953645
POL,2017,20.10623879
POL,2017,13.6689193
POL,2018,16.12518272
POL,2018,14.48929022
PRI,2001,0.066125457
PRI,2002,0.620359313
PRI,2003,1.4871944769999998
PRI,2004,2.369655624
PRI,2005,3.256377053
PRI,2006,4.145753881
PRI,2007,5.038187781
PRI,2008,11.81558257
PRI,2009,13.3543072
PRI,2010,15.40627084
PRI,2011,15.68182016
PRI,2012,16.20849229
PRI,2013,17.16878937
PRI,2014,17.67203139
PRI,2015,20.83120658
PRI,2016,20.92064725
PRI,2017,20.86430083
PRI,2018,20.03644563
PRT,1999,0.002896292
PRT,2000,0.244282086
PRT,2001,0.960367855
PRT,2002,2.509063414
PRT,2003,4.813506006
PRT,2004,8.006659586
PRT,2005,11.09045586
PRT,2006,13.503841
PRT,2007,14.44272531
PRT,2008,15.43538021
PRT,2009,18.02920505
PRT,2010,20.07056775
PRT,2011,21.22202059
PRT,2012,22.71240781
PRT,2013,24.47580311
PRT,2014,27.43056442
PRT,2015,30.30557125
PRT,2016,32.69172996
PRT,2017,34.74392398
PRT,2018,36.90145066
PRY,2000,0.002817853
PRY,2001,0.005526446
PRY,2002,0.009038385
PRY,2003,0.008876292
PRY,2004,0.053223522
PRY,2005,0.096152261
PRY,2006,0.10146774800000001
PRY,2007,0.14337092
PRY,2008,0.21048145
PRY,2009,1.256251651
PRY,2010,1.432341766
PRY,2011,1.896139171
PRY,2012,2.120247985
PRY,2013,2.405059325
PRY,2014,2.805125701
PRY,2015,3.216372695
PRY,2016,3.6391953110000004
PRY,2017,4.226902892
PRY,2018,4.610364537
PSE,2004,0.000513505
PSE,2005,0.208582486
PSE,2006,0.741913411
PSE,2007,1.481394717
PSE,2011,3.7584865610000002
PSE,2012,4.394124538
PSE,2013,4.916669417
PSE,2014,5.309577051000001
PSE,2015,6.060718463
PSE,2016,6.917772552000001
PSE,2017,7.580678152000001
PSE,2018,7.486892294
PYF,2001,0.010206956
PYF,2002,0.012852851
PYF,2003,0.374352501
PYF,2004,1.777789931
PYF,2005,4.2507148930000005
PYF,2006,6.985939236
PYF,2007,8.982913433
PYF,2008,10.47901811
PYF,2009,11.32122419
PYF,2010,12.10223115
PYF,2011,13.4479899
PYF,2012,14.94434903
PYF,2013,16.60945222
PYF,2014,18.30661931
PYF,2015,19.00528698
PYF,2016,20.19229719
PYF,2017,20.89227894
PYF,2018,21.5320568
QAT,2002,0.035576749
QAT,2003,0.43869942
QAT,2004,1.448892523
QAT,2005,2.9591549039999996
QAT,2006,4.573432768
QAT,2007,7.195547727999999
QAT,2008,7.390519015
QAT,2009,8.747092057
QAT,2010,7.853519342
QAT,2011,8.085040752000001
QAT,2012,8.429911028
QAT,2013,9.222348618
QAT,2014,9.168517541
QAT,2015,9.267376282
QAT,2016,9.558487237000001
QAT,2017,9.415985742
QAT,2018,9.631079325
ROU,2001,0.027285936
ROU,2002,0.072300383
ROU,2003,0.902865218
ROU,2004,0.48320305700000005
ROU,2005,1.7606801909999998
ROU,2006,5.133203088
ROU,2007,9.281080435
ROU,2008,12.08573391
ROU,2009,13.628264499999998
ROU,2010,14.65718999
ROU,2011,16.14395204
ROU,2012,17.50757843
ROU,2013,18.82636552
ROU,2014,20.04593248
ROU,2015,21.39068791
ROU,2016,22.47896512
ROU,2017,24.30552831
ROU,2018,26.05849633
RUS,2002,0.007574939
RUS,2003,0.23718823600000002
RUS,2004,0.468487637
RUS,2005,1.105990532
RUS,2006,2.022269285
RUS,2007,3.4202062939999998
RUS,2008,6.478240887
RUS,2009,9.000403155
RUS,2010,10.94234698
RUS,2011,12.27170131
RUS,2012,14.53068301
RUS,2013,16.45263962
RUS,2014,17.24714162
RUS,2015,18.54085073
RUS,2016,18.94519321
RUS,2017,21.37237509
RUS,2018,22.0008863
RWA,2004,0.013225008
RWA,2005,0.013348091999999999
RWA,2006,0.018842602
RWA,2007,0.027421465
RWA,2008,0.011759105
RWA,2009,0.022631627
RWA,2010,0.039265537
RWA,2011,0.08398641800000001
RWA,2012,0.05211535900000001
RWA,2013,0.02572252
RWA,2014,0.026318092999999997
RWA,2015,0.18581113600000002
RWA,2016,0.186145531
RWA,2017,0.181788422
RWA,2018,0.06097397400000001
SAU,2001,0.066029507
SAU,2002,0.159511583
SAU,2003,0.20475895600000002
SAU,2004,0.296982425
SAU,2005,0.284671981
SAU,2006,0.890575717
SAU,2007,2.4741948419999997
SAU,2008,4.048501613
SAU,2009,5.398804512000001
SAU,2010,6.241819136
SAU,2011,6.903514127
SAU,2012,8.712604056
SAU,2015,19.97485187
SAU,2016,19.71905451
SAU,2017,20.099861100000002
SAU,2018,20.24129125
SDN,2004,0.00211876
SDN,2005,0.00329735
SDN,2006,0.005218702
SDN,2007,0.10448483300000001
SDN,2008,0.106764054
SDN,2010,0.039079447
SDN,2011,0.04930737599999999
SDN,2012,0.06848966299999999
SDN,2013,0.06934241099999999
SDN,2014,0.054403043
SDN,2015,0.072213033
SDN,2016,0.06619246
SDN,2017,0.074850422
SDN,2018,0.07500203400000001
SEN,2002,0.011668953000000001
SEN,2003,0.022605962
SEN,2004,0.070906024
SEN,2005,0.162559165
SEN,2006,0.254132129
SEN,2007,0.326274827
SEN,2008,0.394495456
SEN,2009,0.476040536
SEN,2010,0.620335084
SEN,2011,0.71132698
SEN,2012,0.713035793
SEN,2013,0.774413848
SEN,2014,0.729198612
SEN,2015,0.6901346709999999
SEN,2016,0.655970089
SEN,2017,0.725030327
SEN,2018,0.8188302959999999
SGP,1998,0.25901944600000004
SGP,1999,0.758582795
SGP,2000,1.712638603
SGP,2001,3.703571985
SGP,2002,6.578275756
SGP,2003,10.10116911
SGP,2004,13.05176442
SGP,2005,15.38321963
SGP,2006,17.89733666
SGP,2007,20.22439027
SGP,2008,22.4297312
SGP,2009,24.83583383
SGP,2010,26.08370953
SGP,2011,26.75336972
SGP,2012,26.68416806
SGP,2013,27.38305863
SGP,2014,26.67571059
SGP,2015,26.57653082
SGP,2016,28.15711098
SGP,2017,28.27940444
SGP,2018,27.97221502
SLB,2004,0.043616792
SLB,2005,0.095761388
SLB,2006,0.135113225
SLB,2007,0.20319751600000002
SLB,2008,0.29799745699999997
SLB,2009,0.388213075
SLB,2010,0.47777729399999996
SLB,2011,0.44873606
SLB,2012,0.38340979299999994
SLB,2013,0.32975342
SLB,2014,0.227396994
SLB,2015,0.235443147
SLB,2016,0.264594681
SLB,2017,0.183322092
SLB,2018,0.227921275
SLV,2003,0.327006143
SLV,2004,0.486752791
SLV,2005,0.6991596170000001
SLV,2006,1.011349971
SLV,2007,1.470091601
SLV,2008,2.01359674
SLV,2009,2.426333529
SLV,2010,2.8343716519999997
SLV,2011,3.31692689
SLV,2012,3.8810995260000003
SLV,2013,4.539176868
SLV,2014,5.066060611
SLV,2015,5.580934065
SLV,2016,6.219290535
SLV,2017,7.06409047
SLV,2018,7.666788252000001
SMR,2003,2.100693229
SMR,2004,3.7180373189999996
SMR,2005,4.1604146769999995
SMR,2006,4.983164983
SMR,2007,5.318830456000001
SMR,2008,16.10041401
SMR,2009,17.67263759
SMR,2010,19.18729386
SMR,2011,20.65001105
SMR,2012,30.84254789
SMR,2013,31.42874697
SMR,2014,35.510501399999995
SMR,2015,34.98737677
SMR,2016,35.81661891
SMR,2017,31.18410502
SOM,2005,2.006660182
SOM,2006,3.364759537
SOM,2007,3.5862662810000003
SOM,2008,4.239948905
SOM,2009,5.089391538
SOM,2010,5.31186478
SOM,2011,6.01347819
SOM,2012,0.31457662399999997
SOM,2012,6.496428459
SOM,2013,0.459287915
SOM,2013,6.859041008999999
SOM,2014,0.521470894
SOM,2014,7.216071805
SOM,2015,0.594323443
SOM,2015,7.7188870860000005
SOM,2016,0.648543358
SOM,2016,7.966376492
SOM,2017,0.67173074
SOM,2017,8.095467913
SOM,2018,8.970040068
SRB,2005,0.364222726
SRB,2006,1.33094407
SRB,2007,3.578984495
SRB,2008,5.046090536
SRB,2009,6.545080727999999
SRB,2010,9.563649297000001
SRB,2011,10.82588139
SRB,2012,11.9011583
SRB,2013,13.15895989
SRB,2014,13.385472199999999
SRB,2015,14.87285306
SRB,2016,16.38766731
SRB,2017,16.77028749
SRB,2018,17.632663600000004
SSD,2010,2.1e-05
SSD,2011,4.07e-05
SSD,2012,0.00016809
SSD,2013,0.0009657139999999999
SSD,2014,0.000947429
SSD,2015,0.001399821
SSD,2016,0.00138472
SSD,2017,0.0018330520000000002
SSD,2018,0.00182217
STP,2006,0.077312733
STP,2007,0.18520745600000002
STP,2008,0.20102851800000002
STP,2009,0.251882008
STP,2010,0.324331517
STP,2011,0.399406039
STP,2012,0.4129424
STP,2013,0.5091442939999999
STP,2014,0.562007286
STP,2015,0.6588711939999999
STP,2016,0.701186358
STP,2017,0.7141856879999999
STP,2018,0.737816783
SUR,2002,0.019492571
SUR,2003,0.044267556
SUR,2004,0.085075525
SUR,2005,0.22163759600000002
SUR,2006,0.525633541
SUR,2007,0.822604909
SUR,2008,1.113081414
SUR,2009,1.733666468
SUR,2010,2.861862185
SUR,2011,4.327524062
SUR,2012,5.407532633
SUR,2013,6.77792984
SUR,2014,8.386456596
SUR,2015,9.423528507
SUR,2016,12.607277900000001
SUR,2017,12.48334782
SUR,2018,12.70438723
SVK,2002,0.07560940299999999
SVK,2003,0.41595723100000004
SVK,2004,1.45876008
SVK,2005,3.362460532
SVK,2006,5.642405087
SVK,2007,10.12586012
SVK,2008,11.19923043
SVK,2009,14.34982494
SVK,2010,16.22696693
SVK,2011,17.62080054
SVK,2012,19.30769033
SVK,2013,20.45585123
SVK,2014,21.94251661
SVK,2015,23.43456881
SVK,2016,24.55972553
SVK,2017,25.78518328
SVK,2018,27.65439443
SVN,2001,0.27673499
SVN,2002,2.854925886
SVN,2003,2.917305125
SVN,2004,5.781716814
SVN,2005,9.857261441
SVN,2006,13.97372193
SVN,2007,17.13005897
SVN,2008,21.02239587
SVN,2009,22.07833203
SVN,2010,23.02738119
SVN,2011,24.10057686
SVN,2012,24.75120552
SVN,2013,25.42864898
SVN,2014,26.88359013
SVN,2015,27.23282504
SVN,2016,28.41168445
SVN,2017,28.983901899999996
SVN,2018,29.48917552
SWE,2000,2.8035362839999998
SWE,2001,6.597141561
SWE,2002,9.416290856
SWE,2003,12.23267418
SWE,2004,15.68295254
SWE,2005,27.90248028
SWE,2006,27.36317998
SWE,2007,30.342862699999998
SWE,2008,31.42809103
SWE,2009,31.62316641
SWE,2010,31.9433795
SWE,2011,31.98005432
SWE,2012,32.204071500000005
SWE,2013,32.72624001
SWE,2014,33.85641403
SWE,2015,35.80397237
SWE,2016,37.41119745
SWE,2017,39.03476624
SWE,2018,39.84924042
SWZ,2008,0.073527661
SWZ,2009,0.142226661
SWZ,2010,0.343526756
SWZ,2011,0.748484422
SWZ,2012,0.31770945300000003
SWZ,2013,0.38644036
SWZ,2014,0.465745343
SWZ,2015,0.543456601
SWZ,2016,0.62836794
SWZ,2017,0.711234392
SYC,2004,0.399345485
SYC,2005,1.069398069
SYC,2006,2.7645600160000003
SYC,2007,3.877319954
SYC,2008,3.777819545
SYC,2009,5.015308033
SYC,2010,7.443241585
SYC,2011,10.24346179
SYC,2012,11.42187618
SYC,2013,13.28871995
SYC,2014,12.55320278
SYC,2015,14.129587900000002
SYC,2016,14.66408944
SYC,2017,15.78647141
SYC,2018,20.28507869
SYR,2004,0.0033655259999999998
SYR,2005,0.01470494
SYR,2006,0.027377771000000002
SYR,2007,0.034998044
SYR,2008,0.05349874
SYR,2009,0.16343114
SYR,2010,0.32681991899999996
SYR,2011,0.575377405
SYR,2012,1.184772768
SYR,2013,1.767993919
SYR,2014,2.67864754
SYR,2015,4.052033493
SYR,2016,5.780594112
SYR,2017,8.324150701
SYR,2018,7.841153912999999
TCD,2009,0.002569171
TCD,2010,0.002769379
TCD,2011,0.127813387
TCD,2012,0.152165666
TCD,2013,0.11110831199999999
TCD,2014,0.07414609
TCD,2015,0.08034172
TCD,2016,0.035202031
TCD,2017,0.002204205
TCD,2018,0.0021579389999999998
TGO,2007,0.020285932
TGO,2008,0.031413251
TGO,2009,0.066647096
TGO,2010,0.423954545
TGO,2011,0.516059645
TGO,2012,0.612550487
TGO,2013,0.09942884800000001
TGO,2014,0.17666012899999997
TGO,2015,0.902233708
TGO,2016,0.649311826
TGO,2017,0.656623637
TGO,2018,0.331546351
THA,2001,0.002538591
THA,2003,0.017987644
THA,2004,0.253518335
THA,2005,0.849170532
THA,2006,1.3577170159999998
THA,2007,1.9542166909999998
THA,2008,3.11553937
THA,2009,3.9246329560000004
THA,2010,4.839422048
THA,2011,5.768798864
THA,2012,6.66165831
THA,2013,7.61910151
THA,2014,7.94871373
THA,2015,9.065043045
THA,2016,10.46667116
THA,2017,11.85959043
THA,2018,13.23520776
TJK,2003,0.000152869
TJK,2007,0.051609363
TJK,2008,0.050735583
TJK,2009,0.059744027000000005
TJK,2010,0.062438608
TJK,2011,0.06521589400000001
TJK,2012,0.068572865
TJK,2013,0.07196236
TJK,2014,0.073914012
TJK,2015,0.07097208599999999
TJK,2016,0.069255443
TJK,2017,0.067565528
TKM,2008,0.001519521
TKM,2009,0.009285229
TKM,2010,0.014212104
TKM,2011,0.021259797999999996
TKM,2012,0.026576055
TKM,2013,0.033542177
TKM,2014,0.042075777
TKM,2015,0.053905576
TKM,2016,0.07064182299999999
TKM,2017,0.086840729
TLS,2003,0.0009502610000000001
TLS,2004,0.0013375960000000001
TLS,2005,0.002210755
TLS,2006,0.002853118
TLS,2007,0.004824429
TLS,2008,0.00672711
TLS,2009,0.043843441
TLS,2010,0.045723775
TLS,2011,0.049409289
TLS,2012,0.052957032
TLS,2013,0.060695712
TLS,2014,0.08753920300000001
TLS,2015,0.085931479
TLS,2016,0.054293981
TLS,2017,0.052764591
TLS,2018,0.04755618
TON,2002,0.011108643
TON,2003,0.022090792999999997
TON,2004,0.33327346399999996
TON,2005,0.639215103
TON,2006,0.62238216
TON,2007,0.7603747279999999
TON,2008,0.697433715
TON,2009,0.96255655
TON,2010,1.057834709
TON,2011,1.255286688
TON,2012,1.46003874
TON,2013,1.6704661580000002
TON,2014,1.781684286
TON,2015,2.4389517869999997
TON,2016,2.966390792
TON,2017,2.941234142
TON,2018,2.440962431
TTO,2002,0.013780003999999998
TTO,2003,0.068871006
TTO,2004,0.32810825
TTO,2005,0.8332420620000001
TTO,2006,1.582497864
TTO,2007,2.712443951
TTO,2008,6.500624219
TTO,2009,9.84586617
TTO,2010,12.26144395
TTO,2011,12.89633567
TTO,2012,14.97673665
TTO,2013,15.69753484
TTO,2014,18.21183327
TTO,2015,20.32520681
TTO,2016,18.55302128
TTO,2017,23.60997616
TTO,2018,24.53838311
TUN,2002,0.00026339099999999997
TUN,2003,0.002604251
TUN,2004,0.028326896
TUN,2005,0.173873535
TUN,2006,0.429801786
TUN,2007,0.9307962190000001
TUN,2008,2.182816866
TUN,2009,3.5426357630000003
TUN,2010,4.534019154
TUN,2011,5.207263533
TUN,2012,4.861324816000001
TUN,2013,4.747432906
TUN,2014,5.129970973
TUN,2015,5.133985853
TUN,2016,5.6641022229999995
TUN,2017,7.012629529
TUN,2018,8.771097017999999
TUR,2001,0.017003611999999998
TUR,2002,0.032550281
TUR,2003,0.301597524
TUR,2004,0.862442888
TUR,2005,2.341217648
TUR,2006,4.034051318
TUR,2007,6.831892421
TUR,2008,8.175346674
TUR,2009,9.043971501
TUR,2010,9.813989488999999
TUR,2011,10.33637128
TUR,2012,10.541001099999999
TUR,2013,11.71331825
TUR,2014,11.48057285
TUR,2015,12.10322874
TUR,2016,13.15291498
TUR,2017,14.70097003
TUR,2018,16.28274432
TUV,2004,0.506636944
TUV,2005,1.5
TUV,2006,2.4703557309999997
TUV,2007,2.641620194
TUV,2008,2.8117122360000004
TUV,2009,0.959324635
TUV,2010,2.279202279
TUV,2011,4.23210759
TUV,2012,4.1903342960000005
TUV,2013,4.144791379
TUV,2014,4.101348888
TUV,2015,4.054419317
TUV,2016,4.008908686
TUV,2017,3.9577836410000002
TZA,2005,0.006733364
TZA,2006,0.007580534
TZA,2007,0.008342875999999999
TZA,2008,0.015343835
TZA,2009,0.016128121000000002
TZA,2010,0.017034029
TZA,2011,0.061891453
TZA,2012,0.087826438
TZA,2013,0.11638069
TZA,2014,0.169333567
TZA,2015,0.205894675
TZA,2016,0.600336706
TZA,2017,1.39674582
TZA,2018,1.5293578769999998
UGA,2005,0.0030703009999999997
UGA,2006,0.004234993
UGA,2007,0.006308006
UGA,2008,0.015766435
UGA,2009,0.01910153
UGA,2010,0.043172345
UGA,2011,0.10608549699999999
UGA,2012,0.11111527800000001
UGA,2013,0.116264349
UGA,2014,0.149541378
UGA,2015,0.211178662
UGA,2016,0.232325189
UGA,2017,0.023521502000000003
UGA,2018,0.02219802
UKR,2005,0.277231827
UKR,2006,1.115487517
UKR,2007,1.724645103
UKR,2008,3.464220984
UKR,2009,4.147706232
UKR,2010,6.454904046
UKR,2011,6.956210822
UKR,2012,8.037551512
UKR,2013,8.858429483
UKR,2014,9.30621027
UKR,2015,11.64370424
UKR,2016,12.03425849
UKR,2017,12.35354321
UKR,2018,12.80325605
URY,2004,0.812891618
URY,2005,1.461224522
URY,2006,3.2050871460000003
URY,2007,4.952894111
URY,2008,7.320803025
URY,2009,9.478051012
URY,2010,11.41761243
URY,2011,14.03636877
URY,2012,17.18476757
URY,2013,21.74628693
URY,2014,24.71039008
URY,2015,26.40476622
URY,2016,26.91712257
URY,2017,27.73874257
URY,2018,28.33601746
USA,1998,0.25652738399999997
USA,1999,0.98880068
USA,2000,2.509620243
USA,2001,4.494888518
USA,2002,6.920633597
USA,2003,9.57310291
USA,2004,12.77644087
USA,2005,17.34151705
USA,2006,20.23035652
USA,2007,23.85295723
USA,2008,25.414680399999998
USA,2009,26.11492781
USA,2010,27.352382300000002
USA,2011,28.34451919
USA,2012,29.45894011
USA,2013,30.35140225
USA,2014,30.69286505
USA,2015,31.85382022
USA,2016,32.72717192
USA,2017,33.27962877
USA,2018,33.80289286
UZB,2003,0.01070717
UZB,2004,0.021144577999999997
UZB,2005,0.031296602
UZB,2006,0.032230178
UZB,2007,0.070502495
UZB,2008,0.23875210100000002
UZB,2009,0.31617148300000003
UZB,2010,0.41380409799999995
UZB,2011,0.509921486
UZB,2012,0.748996253
UZB,2013,1.023297952
UZB,2014,2.6965080439999998
UZB,2015,5.7801862470000005
UZB,2016,8.734755262
UZB,2017,10.38871194
UZB,2018,12.69699784
VCT,2001,0.075072292
VCT,2002,1.004653228
VCT,2003,1.057917767
VCT,2004,1.216455323
VCT,2005,3.3577623510000003
VCT,2006,5.172969439
VCT,2007,7.3462467060000005
VCT,2008,8.638934249
VCT,2009,10.62639098
VCT,2010,11.54865826
VCT,2011,12.23180324
VCT,2012,12.55683128
VCT,2013,13.44479019
VCT,2014,13.51815618
VCT,2015,15.53853483
VCT,2016,19.97551595
VCT,2017,17.54850811
VCT,2018,22.33261653
VEN,2000,0.018489242
VEN,2001,0.148646021
VEN,2002,0.311353505
VEN,2003,0.45788479
VEN,2004,0.808602081
VEN,2005,1.347578603
VEN,2006,2.002324452
VEN,2007,3.148210063
VEN,2008,4.035054924
VEN,2009,4.99999126
VEN,2010,5.882839415
VEN,2011,6.28512157
VEN,2012,6.936821999
VEN,2013,7.499506397
VEN,2014,7.988834525
VEN,2015,8.608894758
VEN,2016,8.756720613999999
VEN,2017,8.869417291
VEN,2018,9.016399628
VGB,2009,28.440400899999997
VGB,2010,24.74994603
VGB,2011,25.78127759
VGB,2012,25.95113438
VGB,2013,21.43030471
VGB,2014,22.05319259
VGB,2015,22.84577387
VGB,2016,21.18208142
VGB,2017,16.91517057
VGB,2018,15.82108583
VIR,2004,1.372904563
VIR,2005,2.752472308
VIR,2007,5.538906782000001
VIR,2008,6.946682153999999
VIR,2009,8.457692741
VIR,2010,8.577865337
VIR,2013,8.641729106
VIR,2014,8.657267348
VIR,2015,8.574858515
VNM,2002,0.0013196879999999999
VNM,2003,0.011154088999999999
VNM,2004,0.06345679
VNM,2005,0.250527655
VNM,2006,0.610475086
VNM,2007,1.515004913
VNM,2008,2.375779122
VNM,2009,3.690545285
VNM,2010,4.1712163030000005
VNM,2011,4.318832452
VNM,2012,5.317667686
VNM,2013,5.677607533
VNM,2014,6.542661911000001
VNM,2015,8.26268947
VNM,2016,9.716197135
VNM,2017,11.91316998
VNM,2018,13.6002095
VUT,2003,0.007539242
VUT,2004,0.011267495
VUT,2005,0.028191627
VUT,2006,0.044315902000000004
VUT,2007,0.059233068
VUT,2008,0.089005981
VUT,2009,0.217158095
VUT,2010,0.211675155
VUT,2011,0.13888144800000002
VUT,2012,0.124248995
VUT,2013,0.120794124
VUT,2014,1.7314163580000002
VUT,2015,1.584848597
VUT,2016,1.575827255
VUT,2017,1.591187699
VUT,2018,1.6119994530000001
WSM,2004,0.017918137
WSM,2005,0.036165962999999995
WSM,2006,0.054180765
WSM,2007,0.071410523
WSM,2008,0.08730622099999999
WSM,2009,0.10836819199999999
WSM,2010,0.10755637300000001
WSM,2012,0.573275019
WSM,2013,0.649125935
WSM,2014,1.051393968
WSM,2015,1.076930232
WSM,2016,1.114966458
WSM,2017,0.8661288340000001
YEM,2005,0.00744999
YEM,2006,0.013442805
YEM,2007,0.051685620999999994
YEM,2008,0.11876405400000001
YEM,2009,0.239824555
YEM,2010,0.362774891
YEM,2011,0.457837224
YEM,2012,0.683605537
YEM,2013,1.021190945
YEM,2014,1.316630966
YEM,2015,1.4906847859999999
YEM,2016,1.016699372
YEM,2017,1.325692112
YEM,2018,1.3556065030000002
ZAF,1998,0.277164901
ZAF,1999,1.080226264
ZAF,2000,2.715602058
ZAF,2001,4.953852042
ZAF,2001,0.004600645
ZAF,2001,0.004600645
ZAF,2002,0.17203755899999998
ZAF,2002,7.346833737000001
ZAF,2002,0.007476674
ZAF,2002,0.007476674
ZAF,2002,0.005783201
ZAF,2003,0.327775575
ZAF,2003,10.03952056
ZAF,2003,0.012756466999999999
ZAF,2003,0.012756466999999999
ZAF,2003,0.043478916
ZAF,2004,13.19323193
ZAF,2004,0.02183615
ZAF,2004,0.02183615
ZAF,2004,0.126872399
ZAF,2005,0.8761700159999999
ZAF,2005,17.77950985
ZAF,2005,0.102486063
ZAF,2005,0.038895367
ZAF,2005,0.102486063
ZAF,2005,0.34521287700000003
ZAF,2006,0.894749428
ZAF,2006,20.67589548
ZAF,2006,0.168130456
ZAF,2006,0.168130456
ZAF,2006,0.6911027820000001
ZAF,2007,1.286333412
ZAF,2007,24.22266925
ZAF,2007,0.21080248199999999
ZAF,2007,0.098751801
ZAF,2007,0.21080248199999999
ZAF,2007,0.76954775
ZAF,2008,1.712577848
ZAF,2008,25.82634279
ZAF,2008,0.353635976
ZAF,2008,0.112161729
ZAF,2008,0.353635976
ZAF,2008,0.8557744620000001
ZAF,2009,2.159715028
ZAF,2009,26.55597344
ZAF,2009,0.536049724
ZAF,2009,0.134109744
ZAF,2009,0.536049724
ZAF,2009,0.9529090379999999
ZAF,2010,2.613456646
ZAF,2010,27.78916511
ZAF,2010,0.76326159
ZAF,2010,0.16295734
ZAF,2010,0.76326159
ZAF,2010,1.45069122
ZAF,2011,3.489541553
ZAF,2011,28.77575883
ZAF,2011,0.948288279
ZAF,2011,0.26529871899999996
ZAF,2011,0.948288279
ZAF,2011,1.744104825
ZAF,2012,4.358190846
ZAF,2012,29.86077136
ZAF,2012,1.052374694
ZAF,2012,0.24891777899999998
ZAF,2012,1.052374694
ZAF,2012,2.095673475
ZAF,2013,4.641850935
ZAF,2013,30.749975699999997
ZAF,2013,1.10556971
ZAF,2013,0.318943602
ZAF,2013,1.10556971
ZAF,2013,3.0085614019999998
ZAF,2014,5.426999037000001
ZAF,2014,31.15467724
ZAF,2014,1.256994937
ZAF,2014,0.384200132
ZAF,2014,1.256994937
ZAF,2014,3.1283132539999996
ZAF,2015,7.014454981
ZAF,2015,32.31582576
ZAF,2015,1.407125807
ZAF,2015,0.371523359
ZAF,2015,1.407125807
ZAF,2015,2.54457383
ZAF,2016,7.671439756
ZAF,2016,33.13930075
ZAF,2016,1.5843812030000002
ZAF,2016,0.37444414600000003
ZAF,2016,1.5843812030000002
ZAF,2016,2.04735491
ZAF,2017,9.030834937
ZAF,2017,33.74976422
ZAF,2017,1.605516259
ZAF,2017,0.36740871
ZAF,2017,1.605516259
ZAF,2017,1.9701698069999998
ZAF,2018,9.603699775
ZAF,2018,34.32828682
ZAF,2018,1.799044406
ZAF,2018,0.43785777200000003
ZAF,2018,1.799044406
ZAF,2018,1.9154953590000001
ZMB,2000,0.00020161400000000002
ZMB,2001,0.000289931
ZMB,2002,0.000437489
ZMB,2003,0.000808404
ZMB,2004,0.0021643820000000003
ZMB,2005,0.0021085929999999998
ZMB,2006,0.019213844
ZMB,2007,0.031992428999999996
ZMB,2008,0.044386401
ZMB,2009,0.08098287900000001
ZMB,2010,0.075459445
ZMB,2011,0.117055996
ZMB,2012,0.103690594
ZMB,2013,0.090087833
ZMB,2014,0.133255081
ZMB,2015,0.147298119
ZMB,2016,0.194237673
ZMB,2017,0.21308208399999998
ZMB,2018,0.24991776
ZWE,2001,0.006465998000000001
ZWE,2002,0.023815718
ZWE,2003,0.053295615
ZWE,2004,0.074601212
ZWE,2005,0.08433596
ZWE,2006,0.08391269400000001
ZWE,2007,0.12410327
ZWE,2008,0.14540109699999998
ZWE,2009,0.37622831
ZWE,2010,0.25988911600000003
ZWE,2011,0.263681952
ZWE,2012,0.548259074
ZWE,2013,0.7783752559999999
ZWE,2014,1.120462817
ZWE,2015,1.187053232
ZWE,2016,1.217633426
ZWE,2017,1.315693816
ZWE,2018,1.40632166
