country_iso,year,creative_svc_audiovisual,creative_svc_other_personal_cultural_recreational,creative_svc_advertising_mktresearch_polling,creative_svc_architectural_engineering_technical,creative_svc_personal_cultural_recreational,creative_svc_research
ABW,2007,,,,,0.212813727,
ABW,2008,,,,,0.241148505,
ABW,2009,,,,,0.135723432,
ABW,2010,,,,,0.090389705,
ABW,2011,,,,,0.186552477,
AFG,2009,0.903259485,0.022357386,0.005589347,0.123334731,0.925616871,7.15320346
AFG,2010,0.470953436,0.145578946,0.023603115,0.083703934,0.616532382,0.174979874
AGO,2003,,0.535597064,,,0.535597064,
AGO,2004,,0.883606801,,,0.883606801,
AGO,2005,,2.579386399,,,2.579386399,
AGO,2007,,2.940362396,,,2.940362396,
AGO,2008,,3.96327212,,,3.96327212,
AGO,2009,,2.338728053,,,2.338728053,
AGO,2010,,1.747508686,,,1.747508686,
AGO,2011,,2.076857947,,,2.076857947,
ALB,2003,0.009448263,0.619278069,0.008614593,0.052799117,0.628587387,
ALB,2004,,0.778015845,,,0.778015845,
ALB,2005,0.000429343,1.555681496,0.012794422,0.001116292,1.556110839,
ALB,2006,2.569466146,1.304214845,0.006582578,0.003989441,3.873680991,
ALB,2007,3.157424109,0.312967331,3.765886047,0.026722991,3.47039144,
ALB,2008,0.057429283,0.482640052,0.414596643,1.689139287,0.540069335,0.257281573
ALB,2009,0.15580976,0.554128898,0.137093269,0.315322568,0.709938658,0.060255027
ALB,2010,0.370943349,2.137214372,0.460992447,2.697572835,2.50815772,0.244579937
ALB,2011,0.055437695,1.214294801,0.869112053,1.300713591,1.269732496,0.085639134
ALB,2012,0.047068932,0.46474079,1.281672387,0.376551457,0.511809723,0.034463712
ANT,2003,,0.036355898,0.008276139,0.223928683,0.036355898,
ANT,2004,,0.030386863,0.017665489,0.21354132,0.030386863,
ANT,2005,,0.01311937,0.016372548,0.248788058,0.01311937,
ANT,2006,,0.035055999,0.016824871,0.360002009,0.035055999,
ANT,2007,,0.009340272,0.075627609,0.360219973,0.009340272,
ANT,2008,,0.02335971,0.105216029,0.342560419,0.02335971,
ANT,2009,,0.001916067,0.070796199,0.420748543,0.001916067,
ARG,2003,2.622941348,0.09133516,0.957796934,1.182690321,2.714276508,1.218691041
ARG,2004,2.724582321,0.166598905,1.629303254,1.007724819,2.891181226,1.449845409
ARG,2005,2.897008485,0.163088615,2.624038538,1.013500783,3.060082027,1.916969506
ARG,2006,3.019995363,0.191951499,3.250461805,1.23659144,3.211946862,2.099999252
ARG,2007,2.940501004,0.090223097,3.038540219,1.211305388,3.030704802,1.885710977
ARG,2008,3.86390036,0.132200267,3.312632653,1.415373731,3.99611708,2.087398608
ARG,2009,2.509802134,0.039664448,3.038278472,2.050095742,2.549466582,2.340676575
ARG,2010,2.202986544,0.138950579,3.767338232,2.540896414,2.341937122,2.679634508
ARG,2011,2.122120392,0.090091135,3.944505142,2.866852415,2.212205119,3.004289453
ARG,2012,2.113415866,0.083037059,4.0827604,2.967337904,2.196452925,3.109591528
ARM,2003,0.708901781,0.389654857,0.051600334,,1.098556637,
ARM,2004,0.938066561,0.54419887,0.439869032,,1.482265431,
ARM,2005,0.67528449,0.48700272,0.300423756,,1.16228721,
ARM,2006,0.619919957,0.498824112,0.3061435,,1.118744069,
ARM,2007,0.574038959,0.439579383,0.286157559,,1.013618342,
ARM,2008,0.603747139,0.504983162,0.322804711,,1.108730302,
ARM,2009,0.577910545,,,,1.100104664,
ARM,2010,0.622439332,,,,2.484504675,
ARM,2011,0.547896185,,,,2.335736029,
ARM,2012,0.523113591,,,,2.304357394,
AUS,2003,0.561386443,1.412808301,0.528696136,2.217971879,1.974194744,0.989447133
AUS,2004,0.464651819,1.014077486,0.384950782,1.872428489,1.478729305,1.06142137
AUS,2005,0.405835706,1.003536596,0.439990595,2.435594007,1.409369082,1.049853769
AUS,2006,0.457556992,1.060602214,0.537042242,2.883752067,1.518159206,1.045521172
AUS,2007,0.346217006,0.913156212,0.564138909,3.146408137,1.259375687,1.156557363
AUS,2008,0.428687318,1.054944496,0.622585665,3.533649277,1.483634025,1.075351126
AUS,2009,0.260150234,,,,1.486346811,1.070392021
AUS,2010,0.271821261,,,,1.487602702,1.076310663
AUS,2011,0.385382,,,,1.687192444,1.006407484
AUS,2012,0.362500023,,,,1.730223753,
AUT,2003,,,,,0.541576444,
AUT,2004,0.206449076,0.370297411,1.631930344,4.033950723,0.576746624,3.273691546
AUT,2005,0.202156333,0.357436664,1.667057708,4.614438332,0.559592171,3.506973415
AUT,2006,0.20342524,0.294142553,1.693378435,4.992166457,0.497567144,3.925557307
AUT,2007,0.143794148,0.36326938,1.922300468,4.58627592,0.507063572,3.884964815
AUT,2008,0.133649791,0.437818416,1.937922675,5.147821292,0.571468073,3.38041871
AUT,2009,0.142751535,0.425705414,1.746156464,5.368477491,0.56845701,3.522903825
AUT,2010,0.116680442,0.452136833,1.747775552,5.221450578,0.568817152,3.288929621
AUT,2011,0.14103089,0.350303075,1.751512102,5.964241979,0.491333424,3.707747969
AUT,2012,,,,,0.663095309,
AZE,2003,,0.576398229,,,0.576398229,
AZE,2004,,0.531684623,,,0.531684623,
AZE,2005,,0.439265665,0.01786347,,0.439265665,
AZE,2006,,0.31919308,0.096289912,,0.31919308,0.001489568
AZE,2007,,0.259711112,0.153181461,,0.259711112,0.021883066
AZE,2008,,0.251954261,0.243620389,,0.251954261,0.044511919
AZE,2009,,1.534699384,0.144362931,,1.534699384,0.103662479
AZE,2010,,2.318750769,0.417939961,,2.318750769,0.016367541
AZE,2011,,0.442583163,0.408465089,,0.442583163,0.024526941
AZE,2012,,,0.456896417,,,0.095401859
BDI,2011,,,,,0.040292975,
BEL,2003,0.660458526,0.159420202,5.847967895,2.2673215,0.819879549,2.730400832
BEL,2004,0.72648363,0.129729188,4.693838414,2.165298914,0.858571563,2.91536963
BEL,2005,0.792666726,0.132849654,4.558940571,2.289434544,0.923301746,3.071030139
BEL,2006,0.789262651,0.147723251,4.366268922,2.488077145,0.936985608,3.087409892
BEL,2007,0.436426054,0.21182138,2.428647223,0.440078545,0.648247905,2.53638374
BEL,2008,0.574419199,0.055846414,3.278976083,1.640285941,0.6286699,3.156114843
BEL,2009,0.635283143,0.10775706,3.967704874,1.42496428,0.744648343,4.90374274
BEL,2010,0.592391383,0.128592528,4.860499504,1.671699587,0.720983659,3.877996256
BEL,2011,0.628958288,0.15432749,4.332823309,1.816991129,0.783286016,3.912062688
BEL,2012,0.58663257,,,,0.731508788,
BEN,2003,,,0.02495372,,,0.136955298
BEN,2004,0.006029125,,0.145626565,0.264353956,0.006029125,
BEN,2005,,,0.454158388,0.018579207,,
BEN,2006,,,0.117013484,0.470357352,,
BEN,2007,0.01857158,,0.04576568,0.232476388,0.01857158,
BEN,2008,,0.005746549,0.03792722,0.299107848,0.005746549,0.723777781
BEN,2009,,,0.017199551,0.299181664,,0.017199551
BEN,2010,0.005312678,,0.074111853,,0.005312678,
BFA,2007,,,0.338081796,,,0.066741067
BFA,2008,,1.947305534,0.245020192,,1.947305534,0.049155285
BFA,2009,,0.495458299,0.245763045,,0.495458299,0.051118713
BFA,2010,,0.237362348,0.590278349,0.074402068,0.237362348,0.076377344
BGD,2003,0.368693658,0.030444409,0.787699668,0.411098371,0.399138067,0.457456903
BGD,2004,0.035641407,0.014034958,0.929077294,0.271465637,0.04958403,0.53369775
BGD,2005,0.09031225,0.001200961,0.655404324,0.317854283,0.091593275,0.491513211
BGD,2006,0.165388393,0.029164136,0.724305196,0.334075557,0.194477557,0.427340816
BGD,2007,0.06370451,0.012555355,0.418594295,3.264021177,0.076259865,0.683864823
BGD,2008,0.042337427,0.011674107,0.625942571,1.720603045,0.054061637,0.523631299
BGD,2009,0.051361538,,,,0.085845117,
BGD,2010,0.041766345,,,,0.079803108,
BGD,2011,0.038856253,,,,0.093017821,
BGR,2003,,1.249860706,0.209227486,,1.249860706,0.776431179
BGR,2004,0.258613265,0.785259076,0.311911314,0.341710028,1.043882808,0.126971655
BGR,2005,0.192218762,0.694321695,0.437544383,0.844964685,0.886546305,0.225207996
BGR,2006,0.256434574,0.818174132,0.610569753,1.868363246,1.062399082,0.305284876
BGR,2007,0.537057269,0.676688238,0.912980372,1.267449272,1.213751524,0.472599618
BGR,2008,0.363759539,0.616270479,0.972973322,1.898189671,0.980027682,0.421029864
BGR,2009,0.352148488,0.437522413,1.021280625,2.013931453,0.789766153,0.459261749
BGR,2010,0.51776345,0.144866107,1.590663318,2.010399712,0.662548856,1.786656866
BGR,2011,0.555646962,0.195130069,1.646087248,0.995308569,0.750760076,2.347046842
BGR,2012,,,,,0.590985715,
BIH,2006,,,0.332268763,,,
BIH,2007,,,0.299932769,,,
BIH,2008,,,0.29947138,,,
BIH,2009,0.077724993,,,,0.077724993,
BIH,2010,0.045780267,,,,0.045780267,
BIH,2011,0.080328955,,,,0.080328955,
BIH,2012,0.055756732,,,,0.055756732,
BLR,2003,,0.120008001,,,0.120008001,0.546703114
BLR,2004,0.091590818,0.051519835,0.28049688,0.921632606,0.143110653,0.440780812
BLR,2005,0.067544748,0.048246249,0.294302118,0.868432479,0.115790997,0.482462489
BLR,2006,,0.204098634,,,0.204098634,
BLR,2007,,0.238985232,1.556467921,0.808873093,0.238985232,0.416692199
BLR,2008,,0.298262095,1.662752466,0.962893377,0.298262095,0.627054955
BLR,2009,,,,,0.422712213,
BLR,2010,,,,,0.339633461,
BLR,2011,,,,,0.378136167,
BLR,2012,,,,,0.588553646,
BLZ,2003,,,,,0,
BLZ,2004,,,,,0,
BLZ,2005,,,,,0,
BLZ,2006,,,,,0,
BLZ,2007,,,,,0,
BLZ,2008,,,,,0,
BLZ,2009,,,,,0,
BLZ,2010,,,,,0,
BLZ,2011,,,,,0,
BLZ,2012,,,,,0,
BMU,2006,,,1.086676591,,,
BMU,2007,,0.145988054,1.480476369,,0.145988054,0.354975103
BMU,2008,,0.062653073,1.506838045,,0.062653073,0.402498529
BMU,2009,,,,,0.11675062,0.504475196
BMU,2010,,,,,0.126712068,0.405450054
BMU,2011,,,,,0.127107145,0.530838815
BOL,2003,0.260538336,0.065959072,,,0.326497408,
BOL,2004,0.24542706,0.057634535,,,0.303061595,
BOL,2005,0.22052927,0.05809862,,,0.278627891,
BOL,2006,0.205823915,0.049934854,,,0.255758769,
BOL,2007,0.201648027,0.063878571,,,0.265526598,
BOL,2008,0.240153698,0.060038425,,,0.300192123,
BOL,2009,0.244427632,0.050437448,,,0.29486508,
BOL,2010,0.242166434,0.067864824,,,0.310031258,
BOL,2011,0.175057437,0.013859754,,,0.188917191,
BRA,2003,0.276490859,0.236575093,0.971982387,14.44146645,0.513065952,
BRA,2004,0.116341905,0.253266156,0.883904447,16.00193903,0.369608061,
BRA,2005,0.099878486,0.247820533,0.794815392,17.07842343,0.347699019,0.235351301
BRA,2006,0.106292133,0.311184643,0.822750534,15.58985531,0.417476776,0.654456799
BRA,2007,0.069336194,0.236688194,0.8098379,17.5985105,0.306024388,0.735174896
BRA,2008,0.085972316,0.197720891,1.097226647,18.37565886,0.283693207,1.035464114
BRA,2009,0.092371332,0.197686119,1.256413123,20.13531302,0.29005745,1.238976064
BRA,2010,0.099232899,0.240984755,1.197145919,17.57126561,0.340217654,1.242845156
BRA,2011,0.035075398,0.105469593,1.553917093,19.27707463,0.140544991,1.20038105
BRA,2012,0.031572643,0.076111994,1.759353295,22.43859157,0.107684637,1.446642146
BRB,2003,,0.068927488,,,0.068927488,
BRB,2004,,,,,0.000879291,
BRB,2005,,,,0.222896415,0.01644205,
BRB,2006,,,,0.673015754,0.004365777,
BRB,2007,,,,5.602104099,0.047542276,
BRB,2008,,,,6.210767745,0.02683157,
BRB,2009,,,,5.323892472,0.00738607,
BRB,2010,,,,5.062295883,0.024600922,
BWA,2003,,,0.124685759,0.293990986,,0.415878312
BWA,2004,,,0.143543164,0.537952732,,0.506143353
BWA,2005,,,0.209533222,0.438376603,,0.407192495
BWA,2006,,,0.122779123,0.87576448,,1.160493891
BWA,2007,,,0.293902093,0.968353711,,1.444914582
BWA,2008,,,0.333889242,0.92504869,,1.631251391
BWA,2009,,,0.170067311,0.861702441,,0.819185613
BWA,2010,,,0.058628033,0.845515132,,2.59164162
BWA,2011,,,0.094193648,0.524351089,,0.842520599
BWA,2012,,,0.019517102,13.15940593,,3.881275968
CAN,2003,2.844695086,0.351342616,0.761168121,6.334636771,3.196035441,5.275959496
CAN,2004,3.302390143,0.351855498,0.75256385,6.757925215,3.654239675,5.044316774
CAN,2005,3.367968733,0.33904301,0.897702278,7.27945233,3.707002787,4.722063007
CAN,2006,3.435019262,0.353372271,0.859241954,6.162859865,3.78839319,4.753042542
CAN,2007,3.087166866,0.418513604,0.987364149,6.552460364,3.505683531,4.74201038
CAN,2008,2.847611204,0.347246217,1.001549181,7.002956464,3.194867661,5.061243119
CAN,2009,3.009856311,0.241429555,1.57037056,7.751532005,3.251286145,5.583160851
CAN,2010,2.529335503,0.438872954,1.103702116,6.803408775,2.968208582,5.633074104
CAN,2011,2.668156223,0.431677583,1.24602154,6.457625375,3.09983437,5.541809217
CAN,2012,,,,,3.042583358,5.038198905
CHE,2003,,,,,0.010303873,
CHE,2004,,,,,0.009436497,
CHE,2005,,,,,0.009833222,
CHE,2006,,,,,0.004945463,
CHE,2007,,,,,0.003581705,
CHE,2008,,,,,0.004999364,
CHE,2009,,,,,0.002001396,
CHE,2010,,,,,0.003295902,
CHE,2011,,,,,0.005617175,
CHL,2003,,,,,1.333397771,
CHL,2004,,,,,0.966241222,
CHL,2005,,,,,0.969993286,
CHL,2006,,,,,1.001223434,
CHL,2007,,,,,0.942737913,
CHL,2008,,,,,1.021859842,
CHL,2009,,,,,0.170930067,
CHL,2010,,,,,0.260504969,
CHL,2011,,,,,0.20029543,
CHL,2012,,,,,0.245887487,
CHN,2003,0.071520989,,1.039914713,,0.071520989,
CHN,2004,0.063150776,,1.307333365,,0.063150776,
CHN,2005,0.179908097,,1.445793982,,0.179908097,
CHN,2006,0.149373954,,1.570582353,,0.149373954,
CHN,2007,0.258812988,,1.564792236,,0.258812988,
CHN,2008,0.284102372,,1.497056624,,0.284102372,
CHN,2009,0.075120695,,1.786088887,,0.075120695,
CHN,2010,0.075796223,,1.779205563,,0.075796223,
CHN,2011,0.069592051,,2.27745281,,0.069592051,
CHN,2012,0.065600337,,2.481790538,,0.065600337,
CIV,2003,,0.00602416,0.647747793,0.039157039,0.00602416,
CIV,2004,,,0.629174063,0.024385575,,
CIV,2005,0.00504536,,0.587544207,0.032074076,0.00504536,
CIV,2006,,,0.591435026,0.03741611,,
CIV,2007,,,0.592808698,0.03515481,,
CIV,2008,,,0.591117618,0.038360176,,
CIV,2009,,,0.568450182,0.084272911,,
CIV,2010,,,0.538233714,0.049234523,,0.013479743
CMR,2003,,,,,1.646132032,
CMR,2004,,,,,1.519776305,
CMR,2005,,,,,1.841473096,
CMR,2006,,,,,1.257316557,
CMR,2007,,,,,1.017832507,
CMR,2008,,,,,1.765375931,
CMR,2009,,,,,1.374718755,
CMR,2010,,,,,1.505982007,
COD,2003,,,,,0,
COD,2004,,,,,0.169303366,
COD,2005,,,,,0.166312472,
COD,2006,,,,,0.269479251,
COD,2007,,,,,0.330332026,
COD,2008,,,,,0.258978747,
COD,2009,,,,,4.587144455,
COD,2010,,0.308800824,,,0.308800824,
COD,2011,,0.130788613,,,0.130788613,
COD,2012,,,,,0.126023584,
COG,2003,,4.787176488,,,4.787176488,
COG,2004,,5.486236107,,,5.486236107,
COL,2003,1.065223049,0.555775337,0.668991724,2.019728281,1.620998386,
COL,2004,1.148506521,0.566082855,0.824568784,2.630914687,1.714589376,
COL,2005,0.90128321,0.652588724,0.88302662,2.91734301,1.553834446,
COL,2006,0.818044534,0.542550042,0.743426507,4.643965415,1.360594575,
COL,2007,0.576591988,0.477720145,0.658247204,4.049152645,1.054312133,
COL,2008,0.581370897,0.500061635,0.692095551,6.540150678,1.081432532,
COL,2009,0.503558605,0.222177804,1.162620256,5.157466169,0.725736409,
COL,2010,0.63273375,1.260947009,1.068207682,4.828108906,1.893658269,
COL,2011,0.711572149,1.062848607,0.931266652,3.783979907,1.774420756,
COL,2012,0.513362228,1.099628419,0.925422299,4.632073545,1.612990647,
COM,2003,,,,,0,
COM,2004,,,,,0,
COM,2005,,,,,0,
COM,2006,,,,,0,
COM,2007,,,,,0,
COM,2008,,,,,0,
COM,2009,,,,,0,
COM,2010,,,,,0,
COM,2011,,,,,0,
CPV,2003,,0.023698905,0.009380817,,0.023698905,
CPV,2004,,0.01675077,0.007956616,,0.01675077,
CPV,2005,,0.004825162,0.002226998,,0.004825162,
CPV,2006,0.003662438,,0.000523206,,0.003662438,
CPV,2007,0.000203729,0.39299255,0.002037286,,0.393400007,
CPV,2008,0.009647934,0.011477714,0.001663437,,0.021125648,
CPV,2009,,0.044806509,,0.000208402,0.044806509,
CPV,2010,,0.001797667,0.002197148,0.042744518,0.001797667,
CPV,2011,0.004162201,0.012313178,0.000520275,0.06191274,0.016475379,
CPV,2012,0.021951064,0.001005392,0.000502696,0.048258828,0.022956457,
CRI,2003,0.005096386,,0.11988877,,0.005096386,
CRI,2004,0.004639067,,0.095680761,,0.004639067,
CRI,2005,0.003967104,0.000457743,0.087619585,,0.004424846,0.012053892
CRI,2006,0.003600681,0.000504768,0.059663622,,0.00410545,
CRI,2007,0.003096707,0.000422278,0.08468087,,0.003547138,
CRI,2008,0.002791846,0.000391838,0.081355368,,0.003183684,0.054734873
CRI,2009,0.003256413,0.000445322,0.068885667,0.001335964,0.003729567,0.044198157
CRI,2010,0.002762049,0.003148161,0.052245588,0.001111116,0.003148161,0.116204188
CRI,2011,0.002504795,0.00036069,0.031780835,0.007855036,0.002865485,0.195514253
CRI,2012,0.004069328,,,,0.004655313,
CUW,2011,,,,,0.009532656,
CYP,2003,0.020638168,0.161102656,0.40511698,0.125266681,0.181747062,0.356598855
CYP,2004,0.047859744,0.347685621,0.645788833,0.184279947,0.395549081,0.386999103
CYP,2005,0.09895909,0.536123358,0.801197957,0.241577256,0.635063896,0.200203503
CYP,2006,0.24000126,0.499874076,1.083088526,0.29328188,0.739696211,0.210291853
CYP,2007,0.210028265,0.669594868,0.905230497,0.346977804,0.87977639,0.453625997
CYP,2008,0.059650815,0.482254304,0.596965381,0.203725452,0.541904701,0.34612757
CYP,2009,0.077348482,0.384320509,0.415460759,0.395742752,0.461668368,0.29606904
CYP,2010,0.090589748,0.41244298,0.393433458,0.212087856,0.503202878,0.179198761
CYP,2011,0.079846693,0.447144267,1.101881384,0.143721661,0.526988181,0.111786067
CZE,2003,0.25730972,1.172981274,0.564177129,0.715293705,1.430294457,0.143689466
CZE,2004,1.288057457,0.79034606,0.932468142,0.550868687,2.078398857,0.187263318
CZE,2005,0.39552555,0.370868959,4.248912845,1.513856541,0.766390384,0.676295416
CZE,2006,0.732907137,0.098580487,3.568419959,1.828421706,0.831494572,0.751973962
CZE,2007,1.033773501,0.092348049,3.838170553,2.865966735,1.126123917,1.041373704
CZE,2008,0.482950168,0.079980831,3.822810108,3.811718747,0.56292644,1.003276936
CZE,2009,0.447791842,0.25976239,3.587644086,3.466003558,0.707554952,0.990274144
CZE,2010,0.833026204,0.089069083,3.615236797,3.333065138,0.922097434,0.798331395
CZE,2011,0.93876205,0.165643528,3.3285995,4.067071175,1.104403628,1.04259489
CZE,2012,0.981682538,,,,1.15437054,
DEU,2003,0.803694981,,1.315054195,5.581876976,0.803694981,4.230166222
DEU,2004,0.65679363,,2.175787133,6.058224135,0.65679363,4.254365699
DEU,2005,0.729544661,,2.165859488,5.267752724,0.729544661,4.668782034
DEU,2006,0.498967192,,2.101832027,4.828044303,0.498967192,4.620141197
DEU,2007,0.504866818,,2.361593293,4.527773879,0.504866818,4.707775363
DEU,2008,0.428184623,,2.24567956,5.21492248,0.428184623,4.90694985
DEU,2009,0.519497216,,2.242778685,5.417613706,0.519497216,4.963564974
DEU,2010,0.454162248,,2.414946474,5.239998748,0.454162248,5.216067121
DEU,2011,0.342375836,,2.074209377,5.165569061,0.342375836,5.475913058
DEU,2012,0.336320771,,,,0.30597058,
DNK,2004,0.321593591,0.152574844,,3.883332183,0.474167444,
DNK,2005,0.45760867,0.177747357,0.712904873,2.424716877,0.635355741,2.22547371
DNK,2006,0.472594176,0.356541859,0.689873789,2.592503289,0.829137816,2.037059985
DNK,2007,0.46052851,0.338737898,0.762758508,2.702120003,0.799265923,1.720917602
DNK,2008,0.338394841,0.398127907,0.749498048,2.949882665,0.736523369,1.739277792
DNK,2009,0.606612484,0.526463015,0.785203448,3.007456164,1.133407991,1.70410327
DNK,2010,0.471651447,0.476809212,1.096602689,2.123575385,0.948458582,1.359650224
DNK,2011,0.331987727,0.513350896,0.969977197,2.095326281,0.845341316,2.470630679
DNK,2012,,,,,0.90341039,
DOM,2009,,,0.020678674,,,0.006203602
DOM,2010,,,0.360891752,,,
DOM,2011,,,0.278963529,,,
DZA,2005,0.079776625,0.079776625,1.475867571,5.185480654,0.159553251,
DZA,2006,0.117050332,0.039016777,1.443620757,6.086617245,0.156067109,
DZA,2007,0.141193082,0.141193082,1.80021179,3.529827039,0.282386163,
DZA,2008,0.085959885,0.085959885,2.206303725,4.212034384,0.171919771,
DZA,2009,0.067046597,0.067046597,3.318806571,4.693261817,0.134093195,
DZA,2010,0.028042625,0.168255749,2.832305104,6.73022995,0.196298374,
DZA,2011,0.039517274,0.115528496,2.494805499,4.643908427,0.15504577,
ECU,2003,3.84439915,,,,3.84439915,
ECU,2004,3.563587948,,,,3.563587948,
ECU,2005,3.808046477,,,,3.808046477,
ECU,2006,3.966214195,,,,3.966214195,
ECU,2007,3.654059279,,,,3.654059279,
ECU,2008,3.244683065,,,,3.244683065,
ECU,2009,4.025005238,,,,4.025005238,
ECU,2010,4.511189347,,,,4.511189347,
ECU,2011,5.166900792,,,,5.166900792,
ECU,2012,5.600949017,,,,5.600949017,
EGY,2003,,0.65023029,0.109274813,,0.65023029,
EGY,2004,,0.486736261,0.090162433,,0.486736261,
EGY,2005,,0.565473345,0.132490132,,0.565473345,
EGY,2006,,0.718956274,0.190895287,,0.718956274,
EGY,2007,,0.460804076,0.356007501,,0.460804076,
EGY,2008,,0.297448208,0.486915892,,0.297448208,
EGY,2009,,0.477234919,0.51859218,,0.477234919,
EGY,2010,,0.41500399,0.59688327,,0.41500399,
EGY,2011,,0.561662731,0.797822316,,0.561662731,
ESP,2003,0.414072371,0.678957324,,,1.093029274,
ESP,2004,0.491136904,,,,1.119747675,
ESP,2005,0.486307658,,,,1.13567878,
ESP,2006,0.516747089,0.647703278,,,1.163270844,
ESP,2007,0.561593038,0.686986557,2.51323623,2.871197638,1.248579941,0.914196448
ESP,2008,0.524316187,0.703525562,2.04811029,3.279023978,1.226817954,0.849965365
ESP,2009,0.616310251,0.734614729,1.791468572,4.043761079,1.349798319,0.779683386
ESP,2010,0.580590178,0.845850684,1.842974195,2.872057014,1.426440822,0.896984934
ESP,2011,0.6681667,0.860888202,1.958521046,2.887888719,1.52905498,0.906867245
ESP,2012,0.771488778,,,,1.669183294,
EST,2003,0.027340965,0.05592428,2.113467983,0.256176568,0.083247176,0.561275589
EST,2004,0.037014121,0.08398493,2.283316167,0.399533827,0.120982556,0.520580223
EST,2005,0.035375542,0.124641782,2.218395857,0.367736363,0.160032288,0.399728164
EST,2006,0.020655377,0.192226548,2.421688195,0.50785882,0.212893219,0.467343336
EST,2007,0.072053699,0.187421259,2.78279246,0.589923742,0.259484488,0.419276197
EST,2008,0.155632168,0.156656901,2.885672121,1.109885574,0.312264107,0.582362015
EST,2009,0.188029184,,2.871021884,0.996976264,0.32119826,0.760174732
EST,2010,0.275353621,,2.652764611,0.881440913,0.322184206,0.876858184
EST,2011,0.277971741,,2.579009045,1.14017988,0.363714025,0.914302148
EST,2012,0.312595947,,,,0.409015479,
ETH,2003,0.077454453,,0.021923549,0.148344969,0.077454453,0.464726717
ETH,2004,0.002486424,,0.005171762,0.001491855,0.002486424,0.348099377
ETH,2005,,,0.187722921,0.045843913,,0.0064221
ETH,2006,0.039183284,,0.05502696,0.0566454,0.039183284,0.043868242
ETH,2007,0.029313294,,0.052997851,0.026462375,0.029313294,0.02419626
ETH,2008,0.009135916,,0.043893227,0.288521411,0.009135916,0.044097382
ETH,2009,0.040318325,,0.020370253,0.023906022,0.040318325,0.288877631
ETH,2010,0.002049473,,0.019826419,0.019202666,0.002049473,0.002717779
ETH,2011,,,0.020074548,0.024237635,,
FIN,2003,0.226623314,0.029560657,1.113413599,2.680067332,0.256182872,2.788453499
FIN,2004,0.034392628,0.071079928,,2.297099102,0.105470723,
FIN,2005,0.043319534,0.030438652,0.954201445,2.39633337,0.073760287,2.002649148
FIN,2006,0.022844981,0.116248625,0.59888327,2.056918332,0.139094125,1.877410677
FIN,2007,0.050334117,,0.693102175,1.841173135,0.081197307,1.471561142
FIN,2008,0.013745641,,0.535109935,1.572769889,0.155581531,1.295456394
FIN,2009,0.012570526,,0.826898671,1.350756062,0.023437288,1.296315414
FIN,2010,0.014959493,,0.650663914,1.21068935,0.033008104,1.356262708
FIN,2011,0.200757709,,0.53332354,1.011958211,0.259971136,1.586309192
FJI,2003,0.008073423,,0.017600062,,0.008073423,
FJI,2004,0.041916903,,0.017200385,0.186313408,0.041916903,0.008527922
FJI,2005,0.076185729,,0.027981795,0.118040851,0.076185729,
FJI,2006,0.099761286,,0.099638427,0.157013452,0.099761286,
FJI,2007,0.072408416,,0.058137291,0.095218822,0.072408416,0.022576453
FJI,2008,0.06359216,,0.08741366,0.161331878,0.06359216,
FJI,2009,0.085328909,,,,0.085328909,
FJI,2010,0.145280936,,,,0.145280936,
FRA,2003,1.304188518,0.59083475,1.009915826,,1.893878673,
FRA,2004,1.415247452,0.568046272,1.136093415,,1.982212027,
FRA,2005,1.156868526,0.590633248,1.228028875,,1.746485173,
FRA,2006,0.75810795,0.602974184,0.944464155,,1.361081841,
FRA,2007,0.675923548,0.639238561,0.677757944,1.5389413,1.315161965,2.135991741
FRA,2008,0.701567898,0.641332313,0.66524922,1.547524264,1.342900168,2.148108941
FRA,2009,0.616996168,0.777983439,1.934031539,2.025816005,1.394979531,2.812541197
FRA,2010,0.843620123,0.999386407,1.593504599,2.097333171,1.842317474,2.911316738
FRA,2011,0.831748902,1.011352086,1.56130958,2.065437691,1.843101067,2.866839534
FRA,2012,,,,,1.894345207,
FRO,2003,,,,,1.199535664,
FRO,2004,,,,,1.439165701,
FRO,2005,1.720611874,3.559704477,0.052825803,0.265638324,5.280316351,0.05056184
FRO,2006,1.6914676,2.609971179,0.063601932,0.122046951,4.300865789,0.025211577
FRO,2007,0.276996684,1.987008203,0.811404429,0.423888866,2.264004887,
FRO,2008,0.00277909,2.164911208,0.919878832,0.391851708,2.167690298,0.131014249
FRO,2009,0.07060194,5.030388252,1.189054346,0.553636883,5.100990192,0.330652421
FRO,2010,0.151037597,4.365406097,0.070274437,0.783507534,4.51696813,0.055590227
FRO,2011,0,,,,4.020053347,
GBR,2003,1.319571194,0.629397521,2.219887189,5.49563732,1.948968665,3.516795722
GBR,2004,1.444725152,0.541772279,1.819798778,5.043573379,1.986497319,4.136915288
GBR,2005,1.376303529,0.587467724,2.10385274,4.577171869,1.963771418,4.119279839
GBR,2006,1.127133664,0.537844123,1.788915696,4.217787864,1.664977664,3.777379535
GBR,2007,0.796677388,0.503201132,1.642498989,3.50302829,1.299878901,3.601314996
GBR,2008,0.876735389,0.591361667,1.695494031,3.986858863,1.468096974,3.6602571
GBR,2009,0.674183067,0.696514776,1.600656538,3.519392731,1.370697978,3.38298659
GBR,2010,0.669275145,0.806829181,1.686481008,3.719736896,1.47610425,3.334238552
GBR,2011,0.696966814,0.872026745,1.80567859,4.071638277,1.568992965,3.162527143
GBR,2012,,,,,1.391704035,
GEO,2003,0.044241712,,,,0.044241712,
GEO,2004,0.050832609,0.336540715,,,0.387373324,
GEO,2005,0.039298336,0.403472239,,,0.442770575,
GEO,2006,0.054683952,0.568984257,0.011863254,,0.623668209,
GEO,2007,0.09185716,0.701679021,0.10328218,0.081985943,0.793444781,
GEO,2008,0.196042652,0.513788836,0.128526546,0.080606772,0.709910825,
GEO,2009,0.226098422,,,,1.070854698,
GEO,2010,0.179950207,,,,0.855060585,
GEO,2011,0.20664593,,,,0.858148941,
GEO,2012,0.185217949,,,,0.625047571,
GIN,2005,0.506695621,,,,0.506695621,
GIN,2007,2.197125257,,0.308008214,,2.197125257,
GIN,2008,2.283770651,,0.009718173,2.21574344,2.283770651,
GIN,2009,5.481727575,,,0.719822813,5.481727575,
GIN,2010,8.107675052,,,0.44864605,8.107675052,
GIN,2011,4.251744637,,0.025846472,0.542775911,4.251744637,
GNB,2003,,,0.03335557,,,
GNB,2009,,,14.58635266,,,
GNB,2010,,,11.888096,,,
GRC,2003,1.063646856,0.294242001,0.654366554,,1.357976309,0.236672914
GRC,2004,2.667204166,,0.61971981,,2.909814602,0.244044981
GRC,2005,0.271922136,,0.509881108,,0.483799299,0.271633142
GRC,2006,,,0.472353622,,0.431456332,0.287578247
GRC,2007,,0.231865931,0.494272872,,0.508278509,
GRC,2008,,,0.468676257,,0.454930152,
GRC,2009,,0.207429875,0.442914392,,0.562906945,0.335772659
GRC,2010,,0.138455769,0.456626712,,0.501094181,
GRC,2011,,0.119193117,,,0.543112674,0.363938294
GTM,2003,0.049112203,0.013789195,0.833301851,,0.062901398,
GTM,2004,0.045438023,0.036350418,0.136314068,,0.081788441,
GTM,2005,0.007646429,,0.137635724,,0.007646429,
GTM,2006,,,0.388439002,,,
GTM,2007,,,0.173290203,,0,
GTM,2008,,,0.234929788,,0,
GTM,2009,,,0.166233766,,0,
GTM,2010,,0.619708475,0.632800908,,0.619708475,
GTM,2011,,0.011192701,0.622975563,,0.011192701,
GTM,2012,,,,,0.114781346,
GUY,2004,,,3.494869261,,,
GUY,2005,,,4.107096966,,,
GUY,2006,,,4.441765327,,,
GUY,2007,,,4.096658704,,,
GUY,2008,,,3.511421559,,,
HKG,2003,0.186927936,0.107429848,1.119419019,0.163293369,0.294357784,
HKG,2004,0.464104424,0.061638869,0.948150834,0.215736041,0.525743292,
HKG,2005,0.384615385,0.039246468,0.830455259,0.208791209,0.423861852,
HKG,2006,0.354683054,0.030244291,0.760231506,0.210335299,0.384927345,
HKG,2007,0.293933635,0.02597004,0.721258839,0.292753178,0.321084131,
HKG,2008,0.247058059,0.040092755,0.660988666,0.44427107,0.287150814,
HKG,2009,0.134525382,0.330129537,0.748516541,0.548942669,0.464654639,
HKG,2010,0.107500677,0.301967212,0.626324079,0.463279219,0.409467482,
HKG,2011,0.093314525,0.306698426,0.620030605,0.405777184,0.399903858,
HND,2003,,0.001860837,,,0.001860837,
HND,2004,,0.000930703,,,0.000930703,
HND,2005,,0.048459309,,,0.048459309,
HND,2006,,0.010873388,,,0.010873388,
HND,2007,,0.005892027,,,0.005892027,
HND,2008,,,,,0,
HND,2009,,0.264330129,,,0.264330129,
HND,2010,,1.199314853,,,1.199314853,
HND,2011,,0.586829906,,,0.586829906,
HND,2012,,,,,0.611377063,
HRV,2003,0.110272536,0.278896504,1.847663084,1.489887113,0.389169041,0.16787707
HRV,2004,0.056425494,0.257415379,2.054024713,1.812472377,0.313836245,0.202751183
HRV,2005,0.074200203,0.214177049,1.914128994,2.030493139,0.288388559,0.195625807
HRV,2006,0.160050241,0.30541399,2.034974567,2.036614476,0.465460417,0.202519232
HRV,2007,0.155214665,0.368622971,1.804317494,2.205773312,0.523835811,0.21490664
HRV,2008,0.168962536,0.697818915,1.769280788,2.51517699,0.865413262,0.508255295
HRV,2009,0.189061692,0.627753498,2.033614639,2.658476875,0.816810969,0.39525852
HRV,2010,0.141367075,0.634590385,2.029435267,2.948343838,0.775956035,0.780670274
HRV,2011,0.156871856,0.295988872,2.453743481,2.916976426,0.452868534,0.91312401
HRV,2012,,,,,0.409967843,
HUN,2003,8.70789508,0.453887321,,,9.161777925,
HUN,2004,10.58382321,0.231670394,1.672177158,0.783512286,10.81554204,2.107040284
HUN,2005,9.641916384,0.287423769,1.68522411,1.100988008,9.929341489,1.801741798
HUN,2006,7.562710198,0.2285768,1.911253815,1.145360113,7.79132693,2.187190874
HUN,2007,7.597010421,0.297056967,2.116922363,1.577350703,7.894068759,2.511698724
HUN,2008,4.698406775,0.244226032,2.192768798,1.477080471,4.942603372,2.084580231
HUN,2009,5.355848667,0.458863683,2.045812321,1.769038608,5.814709715,2.132946799
HUN,2010,6.111934149,0.394527226,2.3883858,1.758216245,6.506439461,2.581299791
HUN,2011,5.645667792,0.475760605,1.821605088,1.972374391,6.12143068,2.438137326
HUN,2012,5.596043363,,,,6.062505334,
IDN,2004,,,,,0.391601773,
IDN,2005,,,,,0.441031989,
IDN,2006,,,,,0.641362847,
IDN,2007,,,,,0.440123645,
IDN,2008,,,,,0.506319483,
IDN,2009,,,,,0.572627418,
IDN,2010,,,,,0.621598731,
IDN,2011,,,,,0.766430205,
IDN,2012,,,,,0.9071523,
IND,2004,,0.119508685,0.269387606,2.197641644,0.119508685,0.308461922
IND,2005,,0.211474795,0.531276117,4.988624963,0.211474795,0.637653182
IND,2006,,0.439511775,0.781702593,5.626322062,0.439511775,0.960900673
IND,2007,,0.58545547,0.873175664,3.607637966,0.58545547,1.365736826
IND,2008,,0.660120787,0.535019742,1.989284147,0.660120787,1.572159319
IND,2009,0,,,1.809236914,0.466569713,
IND,2010,0.187027393,,,,0.26371438,
IND,2011,0.100960212,,,,0.248855585,
IND,2012,0.204410936,,,,0.54506407,
IRL,2003,0.954936356,,,0.62474762,0.953278579,0.869799786
IRL,2004,0.7825759,,,0.586932714,0.7825759,0.839148414
IRL,2005,0.340114892,,,1.2339529,0.340114892,0.684378346
IRL,2006,0.322416724,,,1.019817797,0.322416724,0.622054648
IRL,2007,0.261918776,,0.279576545,0.685697742,0.261918776,0.757798253
IRL,2008,0.2707993,,0.29287498,0.587222875,0.2707993,0.735867728
IRL,2009,0.337268129,,0.48667188,0.704120859,0.337268129,0.965947485
IRL,2010,0.33911534,,0.493870615,0.489832789,0.33911534,0.565191993
IRL,2011,0.311855417,,,0.454277876,0.311855417,
IRL,2012,0.230671538,,,,0.280434952,
IRN,2004,0.385459379,,,,0.855663139,
IRN,2005,0.498964793,,,,1.100220044,
IRN,2006,0.573147822,,,,1.252425472,
IRN,2007,0.552475105,,,,1.212296147,
IRN,2008,0.572280497,,,,1.261081284,
IRN,2009,,,,,1.726427623,
IRN,2010,,,,,1.750784835,
IRQ,2007,,0.126742712,,,0.126742712,
IRQ,2008,0.142240285,0.015240031,0.00508001,0.142240285,0.157480315,
IRQ,2009,0.145527309,0.004547728,0.932284324,0.17281368,0.150075038,0.181909136
IRQ,2010,0.102281946,0.003526964,0.423235636,0.744189327,0.105808909,0.059958382
IRQ,2011,0.109625858,,0.10608954,0.774453639,0.109625858,0.003536318
ISL,2003,,,,,0.266532731,
ISL,2004,,,,,0.527817549,
ISL,2005,,,,,0.804295754,
ISL,2006,,,,,0.664158662,
ISL,2007,,,,,0.380291523,
ISL,2008,,,,,0.577470075,
ISL,2009,0.159744803,0.118086587,0.127026091,1.088022742,0.277873874,1.378599183
ISL,2010,0.670444581,0.167531265,0.132756079,0.79625538,0.838015881,0.784128237
ISL,2011,0.38021279,0.336946937,0.11417934,1.195582311,0.717195093,0.37645501
ISR,2007,0.359301665,,,,,
ITA,2003,0.244394689,0.720570762,1.471098364,2.425025966,0.964964839,1.286619944
ITA,2004,0.385670084,0.448726471,1.551478813,2.236299475,0.834396492,1.261126738
ITA,2005,0.350506287,0.432569048,1.497996732,2.578724796,0.783075554,1.094637094
ITA,2006,0.351804107,0.543581986,1.366574867,2.862694638,0.895385905,1.270050717
ITA,2007,0.308140033,0.655408579,1.380516384,2.960344945,0.963548991,1.215441387
ITA,2008,0.107280501,0.112180838,2.034025686,2.43990441,0.219562601,2.237758435
ITA,2009,0.198088205,0.139030252,1.927665675,1.424509836,0.337103941,2.536251772
ITA,2010,0.134249964,0.219044867,2.183407234,2.382415972,0.35340323,2.127232985
ITA,2011,0.063637344,0.216070102,1.626649328,3.134888575,0.279837468,2.285104795
ITA,2012,,,,,0.314674921,
JAM,2003,,0.954283282,,,0.954283282,
JAM,2004,,1.238023098,0.004745051,,1.238023098,
JAM,2005,,1.272680446,0.00429249,,1.272680446,
JAM,2006,,1.177529939,0.002831599,,1.177529939,
JAM,2007,,1.07483697,0.002771055,,1.07483697,
JAM,2008,,1.381393951,0.004293043,,1.381393951,
JAM,2009,,,,,1.300528945,
JAM,2010,,,,,1.416238297,
JAM,2011,,,,,1.42370268,
JAM,2012,,,,,2.017641691,
JPN,2003,0.108786149,,,,0.182312133,
JPN,2004,0.063397652,,,,0.074339942,
JPN,2005,0.074251633,,,,0.08780261,3.174073244
JPN,2006,0.08858585,,,,0.11935494,2.62127645
JPN,2007,0.098156238,,,,0.121067055,2.638053978
JPN,2008,0.080268434,,,,0.10347593,2.59582366
JPN,2009,0.086226492,,,,0.126440212,3.263561054
JPN,2010,0.062263789,,,,0.105629381,2.895827822
JPN,2011,0.062366218,,,,0.109511139,2.896574651
JPN,2012,,,,,0.123983872,
KAZ,2003,0.002686461,,0.707181611,0.688785194,0.002686461,0.222917847
KAZ,2004,0.003483991,,0.766030092,0.809331124,0.003483991,0.419024582
KAZ,2005,0.006910664,0.000493619,0.840902156,1.539058714,0.007404283,0.321256125
KAZ,2006,0.009649667,,0.80422173,1.674784922,0.009649667,0.380239468
KAZ,2007,0.026737143,0.004068086,1.152474659,1.83697918,0.030805229,0.295791916
KAZ,2008,0.013941644,0.003637933,1.694644104,2.705808717,0.017579577,0.315957872
KAZ,2009,0.019382727,0.000118043,1.625622974,2.786084099,0.01952438,0.606223721
KAZ,2010,0.016246323,0.02649726,0.92115008,1.800285427,0.042743583,0.748788579
KAZ,2011,0.019518384,0.003326997,0.759620013,2.213340372,0.022823201,0.310408844
KAZ,2012,0.021834623,,,,0.025531611,
KEN,2003,,0.022043168,,,0.022043168,
KEN,2004,,0.016125613,,,0.016125613,
KEN,2005,,0.021062597,,,0.021062597,
KEN,2006,,0.028812157,,,0.028812157,
KEN,2007,,0.070088037,,,0.070088037,
KEN,2008,,0.05780169,,,0.05780169,
KEN,2009,,0.105660063,,,0.105660063,
KEN,2010,,0.055687994,,,0.055687994,
KEN,2011,,0.194110297,,,0.194110297,
KGZ,2003,,3.521126761,0.386881432,0.219359243,3.521126761,
KGZ,2004,,4.11292552,0.546705942,0.310292562,4.11292552,
KGZ,2005,,2.581182348,0.799873562,0.454096895,2.581182348,
KGZ,2006,,2.687438115,0.750940656,0.426166744,2.687438115,
KGZ,2007,,6.608817306,0.416638068,0.236576821,6.608817306,
KGZ,2008,,7.743711701,0.369949189,0.20991687,7.743711701,
KGZ,2009,,10.01960821,0.179218556,0.119672871,10.01960821,
KGZ,2010,,9.826439485,0.778786086,1.225744088,9.826439485,
KGZ,2011,,8.443555209,0.17868253,0.776230569,8.443555209,
KHM,2003,,0.197088204,,,0.197088204,
KHM,2004,,0.149083509,,,0.149083509,
KHM,2005,,0.125211294,,,0.125211294,
KHM,2006,,0.123427267,,,0.123427267,
KHM,2007,,0.116313633,,,0.116313633,
KHM,2008,,0.121571679,,,0.121571679,
KHM,2009,,0.131171797,,,0.131171797,
KHM,2010,,0.089873099,,,0.089873099,
KHM,2011,,0.090392866,,,0.090392866,
KHM,2012,,,,,0.098214829,
KIR,2003,,,,,0.108151285,
KIR,2004,,,,,0.088964292,
KIR,2005,,,,,0.176925532,
KIR,2006,,,,,0.130349325,
KIR,2007,,,,,0.373069191,
LBN,2005,,3.68382E-05,,,3.68382E-05,
LBN,2009,,2.96049E-05,,,2.96049E-05,
LBN,2010,0.607254887,0.654257779,0.988933347,3.26544006,1.261512665,0.180015457
LBN,2011,0.407620557,0.433760279,0.99085201,2.084114574,0.841380836,0.149765049
LSO,2003,,,0.022419849,,,
LSO,2004,,,0.020070534,,,
LSO,2005,,,0.022191401,,,
LSO,2006,,,0.019200768,,,
LSO,2007,,,0.018804062,,,
LSO,2008,,,0.018585633,,,
LSO,2009,,,0.018322149,,,
LSO,2010,,,0.03910164,,,
LSO,2011,,,0.052669279,,,
LTU,2003,0.603939561,0.374455462,2.438202943,0.610911519,0.978414554,0.085062278
LTU,2004,0.222434078,0.166525395,1.923161743,0.283023633,0.388942211,0.120179713
LTU,2005,0.093737698,0.240344347,1.457410624,0.34297302,0.334075464,0.078809319
LTU,2006,0.203998326,0.226952446,1.521968522,0.272802544,0.430956476,0.245862843
LTU,2007,0.120051286,0.286634213,1.403023979,0.230404535,0.406686995,0.323987676
LTU,2008,0.075774773,0.315339977,1.668361627,0.154658125,0.391122501,0.225805497
LTU,2009,0.051116128,0.380027561,2.313163652,0.262399331,0.431140214,0.401506546
LTU,2010,0.013216024,0.385863075,2.151918341,0.29862149,0.399072155,0.334833594
LTU,2011,0.021162818,0.380235072,2.11545891,0.20255621,0.401371108,0.139555384
LTU,2012,0.029330516,,,,0.458006794,
LUX,2003,0.602805691,0.035982315,1.844843432,0.258091045,0.638343241,0.926641038
LUX,2004,0.508933801,0.045767685,1.674721014,0.251903617,0.55470123,0.704452577
LUX,2005,0.569613254,0.028265405,1.504529362,0.177582141,0.597878851,0.611398413
LUX,2006,0.624814195,0.026735304,1.388804065,0.161213608,0.651550255,0.53023506
LUX,2007,0.921452702,0.039696044,1.320102113,0.13133434,0.9609375,0.438132877
LUX,2008,1.286160492,0.015918784,1.281858621,0.160474267,1.302078851,0.523369677
LUX,2009,2.161967261,0.024759582,1.322323265,0.149516103,2.18672628,0.531958111
LUX,2010,3.114641056,0.014745919,1.207764944,0.290154145,3.129387622,0.572208464
LUX,2011,3.906462077,0.033199552,1.273511603,0.466947371,3.939857318,0.603652482
LUX,2012,4.207928323,,,,4.235687244,
LVA,2003,0.232588975,,4.069765492,0.465087577,0.232588975,0.465087577
LVA,2004,0.104037035,0.104055305,4.786656481,0.624388048,0.104037035,0.416221222
LVA,2005,0.081611695,0.163283873,5.224530751,0.571447457,0.244891881,0.571447457
LVA,2006,0.067687415,0.135416112,4.874752365,0.47393742,0.270796785,0.47393742
LVA,2007,0.105550697,0.105551049,4.485472237,0.633224958,0.263858292,0.527728134
LVA,2008,0.138240839,0.138240418,4.930877725,0.645158879,0.276481678,0.460830936
LVA,2009,0.103250081,0.154875278,4.801238028,0.464625835,0.258125203,0.567876021
LVA,2010,0.153684773,0.153680126,5.174169317,0.870908396,0.307369572,0.665974386
LVA,2011,0.267142404,0.222609036,4.407837455,1.424764783,0.489755814,0.356196775
LVA,2012,,,,,0.350679262,
MAR,2008,0.670895322,0.022151993,,,0.693047315,
MAR,2009,0.422624838,0.032798314,0.291309987,,0.455415045,
MAR,2010,0.262231575,0.030210276,0.332647823,,0.292449822,
MAR,2011,0.224334138,0.050640617,1.144487972,,0.274974755,
MDA,2003,0.200024003,,0.620074409,,0.200024003,
MDA,2004,0.234883161,,0.475788967,,0.234883161,
MDA,2005,0.195518123,,1.140522384,,0.195518123,
MDA,2006,0.130593021,,1.528580604,,0.130593021,
MDA,2007,0.044556898,,1.613596219,0.019095813,0.044556898,
MDA,2008,0.041473125,,1.798748697,0.335339843,0.041473125,
MDA,2009,0.001485641,,2.295315773,0.50066111,0.001485641,
MDA,2010,0.009995573,,2.987248504,0.486927218,0.009995573,
MDA,2011,0.038571931,,2.282550739,0.247314146,0.038571931,0.183783906
MDA,2012,0.142045455,,2.255639098,0.243506494,0.142045455,0.208262133
MDG,2003,0.086438754,,0.026740046,1.009592214,0.086438754,0.096077608
MDG,2004,,,0.013886307,1.769680309,,
MDG,2005,,,0.008837861,0.361950596,,
MDG,2006,,,,,0.003003093,
MDG,2007,,,,,0,
MDG,2008,,,,,0,
MDG,2009,,,,,0,
MDG,2010,,,,,0.099139508,
MDG,2011,,,,,0.155969459,
MEX,2003,2.362361159,,,,2.362361159,
MEX,2004,2.617227017,,,,2.617227017,
MEX,2005,2.380349027,,,,2.380349027,
MEX,2006,2.417370097,,,,2.417370097,
MEX,2007,1.797694367,,,,1.797694367,
MEX,2008,0.495197833,,,,0.495197833,
MEX,2009,0.543112988,,,,0.543112988,
MEX,2010,0.527443547,,,,0.527443547,
MEX,2011,0.522954431,,,,0.522954431,
MEX,2012,0.499433019,,,,0.499433019,
MKD,2003,0.479024132,0.654541869,2.835556634,3.490098503,1.133591064,1.443105209
MKD,2004,0.718950717,0.817658876,2.969125177,4.349352812,1.536688507,1.229251423
MKD,2005,0.52984889,0.84391684,2.960841175,3.387618673,1.37377132,1.095665445
MKD,2006,0.824514156,0.834891786,3.283463746,3.826185026,1.66155252,0.551045226
MKD,2007,0.877237092,1.129982196,3.229342467,4.72105117,2.007265682,0.601041337
MKD,2008,0.736951655,1.049092737,3.404437708,5.574804854,1.786023938,0.589549209
MKD,2009,1.169117122,1.123810678,3.611016725,4.595458098,2.292894589,0.668762908
MKD,2010,0.73530486,1.595311512,3.321375354,5.31448891,2.330667054,0.55472702
MKD,2011,0.755798784,1.68659885,2.882932253,4.28783606,2.44238433,0.562229378
MKD,2012,0.499003216,,,,2.011948599,
MLI,2003,0.005351051,0.072239192,0.004013288,,0.077590243,0.032998149
MLI,2004,0.000829366,0.011611127,0.074642958,0.055567535,0.012440493,0.287375388
MLI,2005,0.002916642,0.107915767,0.40723619,,0.110467829,
MLI,2006,,0.089040375,0.099572032,0.000638282,0.089040375,0.034148101
MLI,2007,0.005044163,0.164599002,0.044866502,,0.169377683,0.016725383
MLI,2008,,0.055029716,0.355932203,,0.055029716,0.07373982
MLI,2009,0.003668586,0.151823005,0.474658539,0.005926177,0.155491591,0.024551304
MLI,2010,,0.170440774,0.444605445,0.235333363,0.170440774,0.07896568
MLT,2003,,,0.091020377,2.785572482,0,0.030025092
MLT,2004,,,0.151959253,0.400657593,9.566125295,0.183395008
MLT,2005,,,0.198049722,0.767032347,17.97337322,0.139559899
MLT,2006,,,0.242229229,0.716941277,18.29076653,0.708277802
MLT,2007,,,0.483489139,0.445736167,20.27630614,
MLT,2008,,,0.46005288,0.557983211,35.37207467,
MLT,2009,,,0.365543398,0.529461711,37.36735118,0.048700368
MLT,2010,,,0.30696873,0.599993433,42.12886996,
MLT,2011,,,0.296187073,0.548436621,42.65298422,
MMR,2003,,0.019463931,,,0.019463931,
MNE,2008,0.140792549,1.532346815,0.900508418,0.8992351,1.673139365,0.333882073
MNE,2009,0.030571464,1.328747966,0.900006982,0.616189547,1.359319431,0.344325661
MNE,2010,0.09288683,1.414831166,0.982639563,0.425015363,1.507616922,0.352848664
MNE,2011,0.061212849,1.345320495,0.682876578,0.629411114,1.406533344,0.369405495
MNG,2003,,0.096200096,,,0.096200096,
MNG,2004,,0.325020683,,,0.325020683,
MNG,2005,,0.026539919,,,0.026539919,
MNG,2007,,0.026811633,,,-0.026811633,
MNG,2008,,0.10332461,,,0.10332461,
MNG,2009,,0.050176099,,,0.050176099,
MNG,2010,,0.059258528,,,0.059258528,
MNG,2011,,0.02734627,,,0.02734627,
MNG,2012,,,,,0.021423027,
MOZ,2003,,0.018095558,0.144435452,0.652756118,0.018095558,1.978337972
MOZ,2004,,0.063392434,,,0.063392434,
MOZ,2005,,0.126912089,0.580754396,5.107188079,0.126912089,0.162587837
MOZ,2006,,0.600273346,,8.31348816,0.600273346,
MOZ,2007,,0.106816879,,7.746185657,0.106816879,
MOZ,2008,,0.123251016,,8.604326399,0.123251016,
MOZ,2009,,0.046757238,,14.90542286,0.046757238,
MOZ,2010,,0.203812172,,14.50137794,0.203812172,
MOZ,2011,0.011871044,0.55486657,,6.454356534,0.566597954,0.149435497
MUS,2003,0.011327594,0.406152837,,,0.417480431,
MUS,2004,0.031876013,0.213170839,,,0.245046852,
MUS,2005,0.033681478,0.115444039,,,0.149125518,
MUS,2006,0.016753426,0.098546042,,,0.115239634,
MUS,2007,0.071196325,0.118902398,,,0.190098723,
MUS,2008,0.013994426,0.214948091,,,0.228942517,
MUS,2009,0.019249975,0.170391306,,,0.189641281,
MUS,2010,0.051723767,0.485327741,,,0.537051508,
MUS,2011,0.188843607,0.876813051,,,1.065656658,
MUS,2012,0.054930674,1.655842898,,,1.710802915,
MWI,2003,,,,,0.533533649,
MWI,2004,0.505654381,,,,0.505899112,
MWI,2005,0.410008764,,,,0.411461505,
MWI,2006,0.427527785,,,,0.429370825,
MWI,2007,0.373482044,,,,0.37425352,
MWI,2008,,,,,0.456976963,
MWI,2009,,,,,0.630910838,
MWI,2010,0.7475435,,,,0.747817331,
MWI,2011,0.924208761,,,,0.924935583,
MYS,2003,,,,,13.51169214,
MYS,2004,,,,,9.757993349,
MYS,2005,,,,,7.977083834,
MYS,2006,,,,,3.978792882,
MYS,2007,,,,,2.824873312,
MYS,2008,,,,,2.87453333,
MYS,2009,,2.244610518,,,2.244610518,
MYS,2010,,,,,0.350482482,
MYS,2011,,,,,0.443566525,
MYS,2012,,,,,0.465166946,
NAM,2003,,,,0.014716775,,
NAM,2004,,,,0.368359381,,
NAM,2005,,,,0.011390985,,
NAM,2006,,,,0.104814026,,
NAM,2007,,,,0.227187684,,
NAM,2008,,,,0.495776882,,
NAM,2009,,,,0.102988345,,
NAM,2010,,,,0.542770033,,
NAM,2011,,,,0.588817029,,
NCL,2003,0.359844861,0.026369954,,,0.386214815,
NCL,2004,0.438281968,0.027739365,,,0.466021333,
NCL,2005,0.124081547,0.121452701,,,0.245534247,
NCL,2006,0.189747878,0.892476938,,,1.082224816,
NCL,2007,2.551764255,0.273732034,,,2.825496289,
NCL,2008,0.514247292,0.502926304,,,1.017173595,
NCL,2009,0.056143841,0.171840255,,,0.227984095,
NCL,2010,0.064808417,0.260255881,,,0.32526874,
NCL,2011,0.077884316,0.446921358,,,0.524805674,
NER,2003,0.01105688,,0.05212529,,0.01105688,
NER,2006,,,,,0.037545828,
NER,2008,,,,,0.86519207,
NGA,2005,,,,,0,
NGA,2006,,,,,0,
NGA,2007,,,,,0,
NGA,2008,,,,,0,
NGA,2009,,,,,0,
NGA,2010,,,,,0,
NGA,2011,,,,,0,
NGA,2012,,,,,0,
NIC,2003,,,,,0,
NIC,2004,,,,,0,
NIC,2005,,,,,0,
NIC,2006,,,,,0,
NIC,2007,,,,,0,
NIC,2008,,,,,0,
NIC,2009,,,,,0,
NIC,2010,,,,,0,
NIC,2011,,,,,0,
NIC,2012,,,,,0,
NLD,2003,0.721934635,0.077353483,0.530622605,1.493937766,0.799288531,4.56000001
NLD,2004,0.893644364,0.014924593,0.394353763,1.500386454,0.908570617,4.267536979
NLD,2005,0.645079318,0.337366598,0.333279578,1.060311634,0.982444463,5.041952532
NLD,2006,0.493078857,0.24519404,0.287273228,0.925986381,0.738272529,4.070307796
NLD,2007,0.35274438,0.250582817,0.243647772,0.828016915,0.603327485,3.747905514
NLD,2008,0.40130569,0.197285037,0.20495823,0.802679255,0.598589708,3.099444992
NLD,2009,0.488990386,0.205397665,0.619797311,1.031864959,0.69438832,2.592071455
NLD,2010,0.389501113,0.202771611,0.650250457,0.974114718,0.592273658,2.471265452
NLD,2011,0.378010233,0.193837018,0.54006646,1.090686463,0.571847147,2.457976896
NLD,2012,,,,,0.571198214,
NOR,2003,0.323822537,0.645577041,0.389413334,3.817685373,0.969399578,0.694175811
NOR,2004,0.376789564,0.34422803,0.423889286,3.672543032,0.721016046,0.782651066
NOR,2005,0.655431179,0.542136229,0.588721505,4.742618443,1.197565867,1.086915861
NOR,2006,0.69017207,0.577252293,0.798408134,6.430830939,1.26742506,1.474051743
NOR,2007,0.677772647,0.478874472,0.545175788,5.675556077,1.156646856,1.006314627
NOR,2008,0.628997211,0.612392488,0.626627277,6.490419415,1.241390444,1.157183107
NOR,2009,0.664699494,0.567498091,0.815261876,7.049466994,1.232198006,1.506020212
NOR,2010,0.535953022,,,,0.99353204,
NOR,2011,0.561534759,,,,1.045079282,
NOR,2012,,,,,1.080748616,
NZL,2003,,,0.370461017,0.985092818,2.222783531,0.538857661
NZL,2004,,,0.633478963,0.901483167,2.704458702,0.584749812
NZL,2005,,,0.608224782,0.827179714,1.986862385,0.697430776
NZL,2006,,,0.574852882,0.958084033,1.948103789,0.918168995
NZL,2007,,,0.605963489,,2.625854566,0.815720895
NZL,2008,,,0.679710574,1.389625014,3.806359034,0.845858704
NZL,2009,,,0.576475782,1.298995375,4.273635659,1.014607215
NZL,2010,,,0.543038905,,3.841239418,0.942337758
NZL,2011,,,0.546236747,1.225123511,2.473663676,0.928599507
NZL,2012,,,,,3.226118593,
PAK,2003,0.033692722,,0.303234501,0.842318059,0.033692722,
PAK,2004,,0.000363767,0.36376732,0.945795032,0.000363767,0.072753464
PAK,2005,,,0.462207722,1.468189233,0.054377379,0.054377379
PAK,2006,,0.028522533,0.656018254,2.509982887,0.028522533,0.256702795
PAK,2007,,0.026548438,0.610614065,0.743356254,0.026548438,0.371678127
PAK,2008,0.046915318,0.023457659,0.633356791,1.290171241,0.070372977,0.140745954
PAK,2009,,0.050213407,0.527240773,0.903841326,0.050213407,0.125533517
PAK,2010,,0.060670408,0.364022448,0.879720916,0.060670408,0.07583801
PAK,2011,0.043841986,0.039676006,0.427112202,0.553936554,0.083517992,0.136505298
PAK,2012,0.023174953,0.052296112,0.396413676,1.496385393,0.075471065,0.090412812
PAN,2005,,,,0.804629716,,
PAN,2006,,,,0.017499125,,
PAN,2009,,,0.038010426,,,
PAN,2010,,0.162389864,0.033764229,,0.162389864,
PAN,2011,,0.145985402,0.041316623,,0.145985402,
PAN,2012,,0.206315034,0.078489415,,0.206315034,
PER,2007,,0.107547691,,,0.107547691,
PER,2008,,0.107268437,,,0.107268437,
PER,2009,,0.093327689,,,0.093327689,
PER,2010,,0.104935403,,,0.104935403,
PER,2011,,0.12143839,,,0.12143839,
PHL,2003,0.265565063,,0.265565063,,0.265565063,0.088521688
PHL,2004,0.173138758,,0.123670542,,0.173138758,0.074202325
PHL,2005,0.419889503,0.022099448,0.132596685,,0.44198895,0.17679558
PHL,2006,0.372439479,0.046554935,0.124146493,,0.418994413,0.155183116
PHL,2007,0.153594102,0.071677248,0.071677248,,0.22527135,0.122875282
PHL,2008,0.082329937,0.133786148,0.102912422,,0.216116085,0.205824843
PHL,2009,0.226983839,,,,0.308698021,
PHL,2010,0.19155729,,,,0.290883292,
PHL,2011,0.174913954,,,,0.338543136,
PHL,2012,0.254191455,,,,0.427257977,
PNG,2003,,,,,,1.191497312
PNG,2004,,0.073422482,,,0.073422482,3.763020648
PNG,2005,,0.12692478,,,0.12692478,0.824847084
PNG,2006,,0.162186636,,,0.162186636,0.588275426
PNG,2007,,0.066930228,,,0.066930228,0.736516112
PNG,2008,,0.060206819,,,0.060206819,1.878344258
PNG,2009,,0.019417581,,,0.019417581,1.899147245
PNG,2010,,,,,0,1.99026452
PNG,2011,,,,,0.057007958,
PNG,2012,,,,,0.121816259,
POL,2003,0.269123062,0.271432267,0.929294552,1.345639193,0.540553503,0.333533736
POL,2004,0.238035081,0.439138985,1.75244286,1.824264166,0.677171485,0.720262092
POL,2005,0.218169439,0.358553195,2.553495363,2.289799329,0.574822213,1.039610917
POL,2006,0.285617005,0.433133395,3.381880536,2.41047388,0.718744103,0.888234642
POL,2007,0.199135076,0.471370964,3.303378375,2.240901148,0.670505988,0.882246332
POL,2008,0.208474831,0.372194689,4.64653409,2.96577266,0.579491117,1.012932434
POL,2009,0.135219364,0.353137472,4.938310842,3.065355158,0.488356627,1.123102547
POL,2010,0.184322842,0.756541353,5.354523371,2.783091419,0.940863721,1.719685066
POL,2011,0.281397074,1.119290914,5.117277883,2.483121972,1.400687652,1.955391528
POL,2012,,,,,1.031990485,
PRT,2003,0.18760045,0.892470584,1.419070027,1.141509537,1.079982521,0.2261796
PRT,2004,0.294779037,1.012810918,1.437590188,1.267051399,1.30759003,0.197366953
PRT,2005,0.182379072,1.165424473,1.442924027,1.427055072,1.347805892,0.236929483
PRT,2006,0.223697924,1.153829697,1.328477697,1.934418972,1.37752624,0.279502058
PRT,2007,0.268267862,0.847726799,1.575467346,2.373610913,1.115994308,0.245275454
PRT,2008,0.3415577,0.793105029,1.431498959,2.921153578,1.134607431,0.22042902
PRT,2009,0.39238108,0.982880949,1.510939267,3.763560783,1.37526412,0.265098888
PRT,2010,0.499883095,1.041691844,1.372332305,3.386998651,1.541576425,0.227044709
PRT,2011,0.43133933,0.819149303,1.518562114,3.198612674,1.250487371,0.247924754
PRT,2012,,,,,1.447937729,
PRY,2003,,,,2.509467139,0,
PRY,2004,,,,2.565356848,0,
PRY,2005,,,,2.874378938,0,
PRY,2006,,,,2.270252525,0,
PRY,2007,,,,1.938563133,0,
PRY,2008,,,,1.704436753,0,
PRY,2009,,,,1.535819499,0,
PRY,2010,,0.95018325,,1.377765712,0.95018325,
PRY,2011,,,,1.106160059,0,
PSE,2003,,1.048022119,,,1.048022119,
PSE,2004,,0.553727363,,,0.553727363,
PSE,2005,,1.747652566,,,1.747652566,
PSE,2006,,0.373956903,,,0.373956903,
PSE,2007,,0.244146705,,,0.244146705,
PSE,2008,,0.226365196,,,0.226365196,
PSE,2009,,0.46247225,,,0.46247225,
PSE,2010,,0.664220678,,,0.664220678,
PYF,2003,0.006915311,0.808672219,,,0.815587529,
PYF,2004,0.256110965,0.222650209,,,0.478761174,
PYF,2005,0.000462505,0.394239041,,,0.394794047,
PYF,2006,0.004357594,0.399639772,,,0.403997366,
PYF,2007,0.000416278,0.708338884,,,0.708838418,
PYF,2008,0.074838493,1.459266717,,,1.534021311,
PYF,2009,0.001669102,0.626207644,,,0.627974928,
PYF,2010,0.120352189,0.645656708,,,0.765897768,
PYF,2011,0.016093329,0.376272411,,,0.39236574,
QAT,2012,,,,,2.981973953,
ROU,2003,0.748783221,3.182318161,1.6473153,2.845380846,3.931111941,0.336937315
ROU,2004,1.308990708,4.650361516,1.550120505,2.583524925,5.95935239,0.37892698
ROU,2005,1.254288061,0.552962741,2.88624034,2.528817705,1.807275539,0.667610704
ROU,2006,0.730874505,0.45806228,3.571983625,2.439659105,1.188943623,0.792627164
ROU,2007,0.805329928,0.322137626,4.279117856,1.945839383,1.13180562,0.692150972
ROU,2008,0.294674238,0.319484786,4.838861201,3.399613142,0.614158821,0.806474262
ROU,2009,0.404216837,0.394200327,4.393005442,4.155804765,0.798419619,0.815130934
ROU,2010,0.787990214,0.293704472,3.800276114,5.086142361,1.08170814,1.149753466
ROU,2011,0.552398442,0.692131027,4.727856515,6.203076606,1.244511559,1.182771478
ROU,2012,,,,,0.985038076,
RUS,2003,0.361337392,0.406874284,5.273098111,5.571152164,0.768211676,1.838174581
RUS,2004,0.451960941,0.343437875,5.923125853,4.398558853,0.795398816,1.644015208
RUS,2005,0.507607098,0.243050689,6.276506702,4.596817794,0.750657787,1.926704338
RUS,2006,0.494659542,0.251654224,5.771006553,5.053758255,0.746313766,1.337043682
RUS,2007,0.500476353,0.239857756,5.950031332,5.292969845,0.740334109,1.238721642
RUS,2008,0.510137089,0.249988276,5.56215122,6.350843325,0.760125365,0.993114283
RUS,2009,0.611556693,0.207960399,5.352617124,7.579445546,0.819543029,0.874532909
RUS,2010,0.799350493,0.251670628,5.800343165,7.167351185,1.051012248,0.807757704
RUS,2011,0.562121038,0.33025788,6.654899981,6.480429518,0.892378918,0.75655654
RUS,2012,0.530178152,0.408892697,6.692195821,6.525558021,0.939070849,0.673770533
RWA,2006,0.292190206,,0.022124063,0.453924732,0.292190206,
RWA,2007,0.131187442,0.062523377,0.016747333,,0.193710818,
RWA,2009,0.063627594,,,0.027562184,0.063627594,0.069785103
RWA,2010,0.000644417,,,0.030287603,0.000644417,0.005477545
RWA,2011,,,,0.008826023,,0.004645275
SEN,2003,0.001230157,0.007908153,0.357975724,,0.00913831,
SEN,2004,,0.014059265,0.821061075,,0.014059265,
SEN,2005,0.000772287,0.002445576,0.345727257,,0.003217864,
SEN,2006,,0.049810855,0.3391351,,0.049810855,
SEN,2007,,0.056458127,0.266885393,,0.056458127,
SEN,2008,,0.036241123,0.191714769,,0.036241123,
SEN,2009,0.084140495,,0.192936112,,0.084140495,
SEN,2010,,,0.174790612,,,
SGP,2003,,,0.606765874,1.462924258,0.406224951,0.310944917
SGP,2004,,,0.667448479,1.441681281,0.382289805,0.240199676
SGP,2005,,,0.598312364,1.662915318,0.323263658,0.308162114
SGP,2006,,,0.610212793,2.21228335,0.306720794,0.274338725
SGP,2007,,,0.524870373,1.952405041,0.279093356,0.292904088
SGP,2008,,,0.314334519,2.694634566,0.205449943,0.394235542
SGP,2009,,,0.918354669,3.373901582,0.588720339,0.49317056
SGP,2010,,,0.834727857,2.090241119,0.535756759,0.445116256
SGP,2011,,,1.207836369,2.227622219,0.463248198,0.499175199
SGP,2012,,,,,0.451779017,0.486784272
SLB,2003,,2.541668316,,,2.541668316,
SLB,2004,,2.35721939,,,2.35721939,
SLB,2005,,3.461761298,,,3.461761298,
SLB,2010,,,,,0.183096872,
SLB,2011,,,,,10.08883203,
SLB,2012,,,,,14.85167526,
SLE,2004,,,0.006507345,,,
SLE,2005,,,0.021752761,,,
SLE,2006,,,0.068216033,,,
SLE,2007,,,0.269232467,,,
SLE,2008,,,0.193807918,,,
SLE,2009,,,0.099460211,,,
SLE,2010,,,0.149927535,,,
SLE,2011,,,0.042497078,,,
SLV,2003,,,0.105452751,,0,
SLV,2004,0.018355191,0.018355191,0.077091804,,0.018355191,
SLV,2005,,,0.084590739,,0,
SLV,2006,,,0.0788255,,0,
SLV,2007,,,0.070549226,,0,
SLV,2008,,,0.078446198,,0,
SLV,2009,,0.007301021,0.092711379,,0.007301021,
SLV,2010,,0.001024611,0.085042726,,0.001024611,
SLV,2011,,,0.013044394,,0,
SLV,2012,,,,,0,
SRB,2008,,3.172673243,5.324832313,2.995907378,3.598377214,1.055708871
SRB,2009,,3.614534659,4.490086932,3.179044496,4.141487861,1.303534814
SRB,2010,,3.687315007,4.918421,2.626608395,4.396162256,1.313375099
SRB,2011,,3.312280526,4.616987684,2.235154518,3.889021909,1.284721556
SRB,2012,,,,,2.889754296,
SVK,2003,0.240001405,2.078845231,,,2.318846149,
SVK,2004,0.131005489,3.168812572,,,3.299819725,
SVK,2005,0.112651247,2.696886558,0.490070749,1.260275921,2.809505065,0.400088314
SVK,2006,0.097119874,2.752172374,0.853480509,1.825223695,2.849274593,0.394073355
SVK,2007,0.1176551,4.456464686,1.002361675,1.080807371,4.574114829,0.549062906
SVK,2008,0.109040578,1.372791821,0.924304194,2.015795804,1.481834869,0.515787947
SVK,2009,0.102574136,1.168200554,0.937653851,0.640497767,1.270777077,0.511672108
SVK,2010,0.127369259,1.072170031,1.198632961,1.075810734,1.199545558,1.034869992
SVK,2011,0.290671357,0.994466427,1.509685976,1.179116048,1.285144281,2.170825832
SVK,2012,,,,,0.9165038,
SVN,2003,0.229590074,0.517068539,3.534176043,1.794360782,0.746664686,0.683148511
SVN,2004,0.307098491,0.562223359,5.26117829,1.901405554,0.869309497,0.767383537
SVN,2005,0.269953103,0.445681915,4.786005496,1.873741389,0.71563249,0.744079787
SVN,2006,0.331906086,0.515905974,4.53118369,1.536402628,0.84777836,1.005833641
SVN,2007,0.310864382,0.35303223,4.106800018,1.167690809,0.663897846,1.366230678
SVN,2008,0.177262037,0.403406677,3.761162269,1.189945708,0.58069155,1.51098795
SVN,2009,0.162064445,0.65265556,4.095851223,1.430881037,0.814716048,0.748021134
SVN,2010,0.166443918,0.703230343,4.029556321,1.13344204,0.869676551,0.56304882
SVN,2011,0.224642711,0.820371871,3.87727832,1.316135847,1.045019473,0.556249827
SVN,2012,,,,,1.284912568,
SWE,2003,0.469094439,0.20110002,1.828416636,2.887504304,0.670193218,7.096050968
SWE,2004,0.327719239,0.125911133,1.516179575,3.183803611,0.453630087,5.411030115
SWE,2005,0.357830788,0.158552337,1.663553099,3.022749369,0.516383179,5.27045672
SWE,2006,0.312645785,0.246650762,1.521567031,2.839270268,0.559295556,5.515784169
SWE,2007,0.340010429,0.186257993,1.482239646,3.266287961,0.526506205,4.899431139
SWE,2008,0.316372737,0.415388441,1.416836102,2.85473502,0.731544231,5.099092047
SWE,2009,0.264038518,0.368484332,1.661668275,2.947878098,0.632525006,5.602676081
SWE,2010,0.284766243,0.360965218,1.974636879,2.82392776,0.645513202,4.778316265
SWE,2011,0.306346761,0.526139689,2.097120772,3.093213534,0.832486329,4.376853744
SWE,2012,,,,,0.764745633,
SWZ,2003,0.002929716,0.010742292,0.021484585,0.083985195,0.013183723,0.687995
SWZ,2004,,0.006810024,0.071705551,7.378861684,0.006810024,1.227006153
SWZ,2005,0,0.02512883,0.117149895,0.332691545,0.025482757,0.233591936
SWZ,2006,0.000353001,0.062834248,0.022239088,0.82531726,0.06318725,0.134846533
SWZ,2007,0,0.061582449,0.037829219,0.643536592,0.061582449,0.087095178
SWZ,2008,0.004006339,0.335642172,6.392336319,10.49616282,0.339648511,14.54523602
SWZ,2009,2.877154741,0.036495621,5.502339719,12.52299724,2.913150422,2.320721513
SWZ,2010,0.588804176,0.053209876,0.074183112,7.480065716,0.642014052,2.721471544
SYR,2004,,2.372660824,,,2.372660824,
SYR,2005,,2.920962199,,,2.920962199,
SYR,2006,,3.146374829,,,3.146374829,
SYR,2007,,0.776930348,,,0.776930348,
SYR,2008,,0.905936603,,,0.905936603,
SYR,2009,,0.897003597,,,0.897003597,
SYR,2010,,0.70926928,,,0.70926928,
TGO,2003,,,0.068567571,,,
TGO,2004,,,0.020003467,,,
TGO,2005,,,0.015826988,,,0.024870982
TGO,2006,,,0.014447915,,,0.021920975
TGO,2007,,,0.029235182,0.035166958,,0.020337518
TGO,2008,,0.009537839,0.064645351,,0.009537839,0.007771572
TGO,2009,,,0.043263351,,,
TGO,2010,,0.00249829,0.038411212,0.004996581,0.00249829,0.035912922
THA,2005,,,,,0.292926195,
THA,2006,,,,,0.299196509,
THA,2007,,,,,0.280617944,
THA,2008,,,,,0.368967333,
THA,2009,,,,,0.261582998,
THA,2010,,,,,0.353072271,
THA,2011,,,,,0.221424448,
THA,2012,,,,,0.166624391,
TJK,2003,,,,0.063257537,,
TJK,2004,,,,0.848609111,,
TJK,2005,,,,1.012696287,,
TJK,2006,,,,0.569235927,,
TJK,2007,,,,2.537459984,,
TJK,2008,,,,0.620696878,,
TJK,2009,,,,0.463426575,,
TJK,2010,,,,0.146518171,,
TJK,2011,,,,0.197351172,,
TON,2003,,3.440817932,,,3.440817932,
TON,2004,0.137752208,0.230937525,,,0.368689733,
TON,2005,0.177870634,2.797933313,,,2.975803947,
TON,2006,0.100069279,1.997536756,,,2.097606035,
TON,2007,0.25869284,1.883131705,,,2.141824545,
TON,2008,0.512393685,1.794678388,,,2.307072073,
TON,2009,0.643123417,1.707407302,,,2.353376398,
TTO,2011,,,,,0,
TUN,2003,,0.184994756,,,0.184994756,
TUN,2004,,0.287614765,,,0.287614765,
TUN,2005,,0.092007759,,,0.092007759,
TUN,2006,,0.061234563,,,0.061234563,
TUN,2007,,0.069782139,,,0.069782139,
TUN,2008,,0.097163259,,,0.097163259,
TUN,2009,,0.12121135,,,0.12121135,
TUN,2010,,0.167278177,,,0.167278177,
TUN,2011,,0.188766065,,,0.188766065,
TUR,2003,0,4.337442971,,,4.33744136,
TUR,2004,,6.175958325,,,6.17595822,
TUR,2005,,4.030631284,,,4.030633021,
TUR,2006,,3.898437464,,,3.89843687,
TUR,2007,0,3.345164904,,,3.345163595,
TUR,2008,0,3.473030033,,,3.473029352,
TUR,2009,0,2.28372079,,,2.283720743,
TUR,2010,0,2.605413651,,,2.605414814,
TUR,2011,0,3.250218089,,,3.250217556,
TUR,2012,0,,,,2.850233698,
TUV,2003,,,,,0.185651296,
TUV,2004,,,,,0.467959899,
TUV,2005,,,,,0.274467719,
TUV,2006,,,,,0.103565853,
TUV,2007,,,,,0.079340926,
TUV,2008,,,,,0.063737785,
TWN,2003,0.146766813,,,,0.172666839,
TWN,2004,0.15510489,,,,0.19000349,
TWN,2005,0.193595849,,,,0.236186936,
TWN,2006,0.215222739,,,,0.25963378,
TWN,2007,0.153217569,,,,0.21330289,
TWN,2008,0.206359119,,,,0.268809905,
TWN,2009,0.191980865,,,,0.273808775,
TWN,2010,0.173451941,,,,0.242832718,
TWN,2011,0.222125436,,,,0.296167247,
TWN,2012,,,,,0.313875754,
TZA,2003,,0.129568804,,,0.129568804,
TZA,2004,,0.00520452,,,0.00520452,
TZA,2005,,0.052475653,,,0.052475653,
TZA,2006,,0.006086148,,,0.006086148,
TZA,2007,,0.049047309,,,0.049047309,
TZA,2008,,0.520872941,,,0.520872941,
TZA,2009,,0.149247293,,,0.149247293,
TZA,2010,,0.060613556,,,0.060613556,
TZA,2011,,0.067724868,,,0.067724868,
UGA,2003,0,,,,0,
UGA,2004,0,,,,0,
UGA,2005,0,,,,0,
UGA,2006,0,,,,0,
UGA,2007,0,,,,0,
UGA,2008,0,,,,0,
UGA,2009,0,,,,0,
UGA,2010,0,,,,0,
UGA,2011,0.245099606,0.019117537,,,0.264217143,
UGA,2012,0.010933566,0.421142909,,,0.432076475,
UKR,2003,,,0.268507863,1.687763713,0.076716532,1.764480246
UKR,2004,,,0.572591933,1.412393434,0.139966917,1.628705942
UKR,2005,,,0.673508659,1.892238615,0.171049818,2.159503956
UKR,2006,,,1.284322409,1.67404783,0.655447299,2.019486271
UKR,2007,,,2.047877975,1.518254361,1.115740414,2.139679401
UKR,2008,,,2.682313495,1.732327466,1.033808326,2.352612462
UKR,2009,0.125981918,,,,0.622498888,
UKR,2010,0.193493772,,,,0.683274882,
UKR,2011,0.19674572,,,,0.494523025,
UKR,2012,0.185720182,,,,0.613908378,
URY,2003,,0.046282972,,,0.046282972,
URY,2004,,0.080517471,,,0.080517471,
URY,2005,,0.02798792,,,0.02798792,
URY,2006,,0.16173789,,,0.16173789,
URY,2007,,0.011072023,,,0.011072023,
URY,2008,,0.016646609,,,0.016646609,
URY,2009,,0.030194662,,,0.030194662,
URY,2010,,0.058725308,,,0.058725308,
URY,2011,,0.044569949,,,0.044569949,
URY,2012,,,,,0.047325702,
USA,2003,,0.06705652,0.175092025,0.679370603,0.06705652,3.206182205
USA,2004,,0.063584558,0.169461596,0.87385016,0.063584558,2.789262042
USA,2005,,0.065839426,0.237871475,0.892814476,0.065839426,2.769238121
USA,2006,,0.102246093,0.895068465,1.115455054,0.102246093,3.038915195
USA,2007,,0.128913593,0.829716309,1.061557763,0.128913593,3.172086451
USA,2008,,0.138879851,0.79126191,1.077016035,0.138879851,3.224726935
USA,2009,,0.1449233,0.823495642,1.11315908,0.1449233,3.541346305
USA,2010,,0.181119772,0.792691887,1.146159518,0.181119772,3.849856648
USA,2011,,0.14697552,0.689760315,1.368491784,0.14697552,3.844388385
VEN,2003,0.455580866,0.113895216,,3.530751708,0.569476082,
VEN,2004,0.359066427,,,3.411131059,0.359066427,
VEN,2005,0.298062593,0.074515648,,2.980625931,0.372578241,
VEN,2006,0.259067358,0.064766839,,2.849740933,0.323834197,
VEN,2007,0.21691974,0.054229935,,2.494577007,0.271149675,
VEN,2008,0.230414747,0.046082949,,3.271889401,0.276497696,
VEN,2009,0.224517288,0.044903458,,3.233048945,0.269420745,
VEN,2010,0.269106566,0.053821313,,3.713670614,0.322927879,
VEN,2011,0.301053688,0.050175615,,3.813346714,0.351229303,
VEN,2012,0.317460318,0.045351474,,3.673469388,0.362811791,
VUT,2008,,0.018410766,,,0.018410766,
VUT,2009,,0.057199481,,,0.057199481,
VUT,2010,,0.043729829,,,0.043729829,
VUT,2011,,0.062506329,,,0.062506329,
WSM,2004,,0.300483937,,,0.300483937,
WSM,2005,,1.135852947,,,1.135852947,
WSM,2006,,1.179231138,,,1.179231138,
WSM,2007,,,,,2.676516616,
WSM,2008,,,,,0.38313889,
WSM,2009,,,,,0.641158311,
WSM,2010,,,,,0.744187247,
WSM,2011,,,,,0.832977636,
ZAF,2003,,,,,0.712403463,
ZAF,2004,,,,,0.889985536,
ZAF,2005,,,,,1.007256573,
ZAF,2006,,,,,0.846156365,
ZAF,2007,,,,,0.653259422,
ZAF,2008,,,,,0.773087916,
ZAF,2009,,,,,0.605612126,
ZAF,2010,,,,,0.477273539,
ZAF,2011,,,,,0.448321921,
ZAF,2012,,0.388590561,,,0.388590561,
ZMB,2011,,5.303696597,,,5.303696597,
ZWE,2003,,,,,0.817813464,
ZWE,2004,,,,,0.524187509,
ZWE,2005,,,,,0.579934274,
ZWE,2006,,,,,0.656455142,
ZWE,2007,,,,,0.721653242,
ZWE,2008,,,,,0.897074756,
ZWE,2009,,,,,0.828908667,
ZWE,2010,,,,,0.745272887,
ZWE,2011,,,,,0.660531189,
