country_iso,year,literacy_rate
BRB,1970,99.26808167
GRD,1970,97.79447174
VCT,1970,95.63215637
MNA,1972,39.38610077
SOM,1972,5.404650211
TMN,1972,39.00685120000001
MNA,1973,39.86267853
TMN,1973,39.48749161
LAC,1974,76.4107666
LCN,1974,78.57080078
MEA,1974,43.72486877
MNA,1974,40.350860600000004
TLA,1974,77.89219666
TMN,1974,39.979831700000005
ARE,1975,53.51488113
BFA,1975,8.685150146
CAF,1975,18.23616982
EAR,1975,48.98603058
IBD,1975,61.82381058
IBT,1975,58.77996063
KWT,1975,59.56438828
LAC,1975,76.4305191
LCN,1975,78.58927917
LMC,1975,49.4342804
LMY,1975,58.22198105
MEA,1975,44.21202087
MIC,1975,59.42646027
MNA,1975,40.88713837
SAS,1975,36.16165161
TLA,1975,77.91140747
TMN,1975,40.52067947
TSA,1975,36.16165161
TUR,1975,61.62768173
URY,1975,93.86106873
BOL,1976,63.20814896
CMR,1976,41.21620941
EAP,1976,63.85319138
EAR,1976,49.20119858
EAS,1976,65.7590332
EGY,1976,38.19675827
IBD,1976,61.99391174
IBT,1976,58.93246078
IRN,1976,36.51839828
LAC,1976,76.8260498
LCN,1976,78.94712829999999
LMC,1976,49.6126709
LMY,1976,58.37461853
LTE,1976,69.01711273
MEA,1976,44.7015419
MIC,1976,59.58034897
MLI,1976,9.433810234
MNA,1976,41.41075897
NCL,1976,91.30036926
SAS,1976,36.16728973
SWZ,1976,55.32503891
TEA,1976,63.37805176
TLA,1976,78.28220367
TMN,1976,41.04875946
TON,1976,99.59246063
TSA,1976,36.16728973
UMC,1976,67.6371994
WLD,1976,65.19396210000001
EAP,1977,64.02174377
EAR,1977,49.82175827
EAS,1977,65.95391083
IBD,1977,62.3421402
IBT,1977,59.26702881
LAC,1977,77.29167938
LCN,1977,79.36488342
LMC,1977,50.15552139
LMY,1977,58.71234894
LTE,1977,69.12107086
MDV,1977,82.29995728
MEA,1977,45.30434036
MIC,1977,59.92596054
MNA,1977,42.06404114
SAS,1977,36.82207108
TEA,1977,63.5488205
TLA,1977,78.71543884
TMN,1977,41.70761108
TSA,1977,36.82207108
UMC,1977,67.82337952
WLD,1977,65.50241089
ARB,1978,47.17525101
EAP,1978,65.13854218
EAR,1978,50.4405899
EAS,1978,66.98686218
IBD,1978,63.15571976
IBT,1978,59.98915863
LAC,1978,77.77864838
LCN,1978,79.81111908
LMC,1978,50.71332169
LMY,1978,59.442951199999996
LTE,1978,70.04414368
MEA,1978,45.97380829
MIC,1978,60.69229126
MNA,1978,42.79674911
POL,1978,98.74273682
RWA,1978,38.24343109
SAS,1978,37.47076035
TEA,1978,64.68029022
TLA,1978,79.17828369
TMN,1978,42.44655991
TSA,1978,37.47076035
UMC,1978,68.75827026
WLD,1978,66.11704254
AFG,1979,18.15768051
ARB,1979,47.65140152
BDI,1979,22.50855064
BEN,1979,16.48278999
EAP,1979,66.29557037
EAR,1979,51.03562164
EAS,1979,68.05796814
GNB,1979,19.95825005
IBD,1979,63.96286011
IBT,1979,60.70854187
JOR,1979,66.79680634
LAC,1979,78.21791077
LCN,1979,80.21520996
LMC,1979,51.29830933
LMY,1979,60.17087936
LTE,1979,70.99262238
MEA,1979,46.67699051
MIC,1979,61.45643997
MNA,1979,43.55038834
SAS,1979,38.10517120000001
TEA,1979,65.85253143
TLA,1979,79.597229
TMN,1979,43.20661926
TSA,1979,38.10517120000001
UMC,1979,69.66723633
VNM,1979,83.82594299
VUT,1979,52.87392044
WLD,1979,66.73040771
ARB,1980,48.190979
ARG,1980,93.91285706
ASM,1980,97.34416199
BRA,1980,74.58673096
COM,1980,47.91923141
EAP,1980,66.81149292
EAR,1980,51.10604095
EAS,1980,68.51947784
GUM,1980,96.42064667
HUN,1980,98.85829163
IBD,1980,64.47821808
IBT,1980,61.18629074
IDB,1980,48.53673172
IDN,1980,67.31266785
KWT,1980,67.51766205
LAC,1980,78.63060759999999
LCN,1980,80.59134674
LMC,1980,51.21968079
LMY,1980,60.65351105
LTE,1980,71.89743805
MEA,1980,47.43193817
MEX,1980,82.98924255
MIC,1980,61.95087051
MNA,1980,44.38497925
MOZ,1980,26.99770927
MYS,1980,69.51632690000001
PAN,1980,88.0717392
PHL,1980,83.31723022
PLW,1980,91.92141724
PRI,1980,86.74606323
SAS,1980,38.72108841
SGP,1980,82.90605164
TEA,1980,66.37522888
THA,1980,87.98175812
TLA,1980,79.98989868
TMN,1980,44.04832077
TSA,1980,38.72108841
TTO,1980,94.97032166
TUR,1980,65.69434357
UMC,1980,70.62486267
WLD,1980,67.13516235
ZAF,1980,76.20049286
ARB,1981,48.72034073
BGD,1981,29.22723007
BHR,1981,69.75350952
BRN,1981,77.73549652
CUB,1981,97.84664917
DOM,1981,73.06456757
EAP,1981,68.50621796
EAR,1981,51.87763977
EAS,1981,70.11669159
ESP,1981,92.80976868
GRC,1981,90.51232147
IBD,1981,65.38546753
IBT,1981,61.97566986
IDA,1981,44.85261154
IDB,1981,48.645088200000004
IND,1981,40.76359177
ITA,1981,96.46054077
LAC,1981,79.04644775
LCN,1981,80.97885895
LDC,1981,41.23183823
LKA,1981,86.77792358
LMC,1981,51.984661100000004
LMY,1981,61.45259857
LTE,1981,72.81271362
MAC,1981,90.37818146
MEA,1981,48.15644073
MIC,1981,62.78771973
MNA,1981,45.18608093
MNE,1981,89.63529968
NPL,1981,20.57366943
PAK,1981,25.72518921
PER,1981,81.91845703
PRT,1981,79.43560791
SAS,1981,38.72034073
STP,1981,57.32426071
SYR,1981,55.65449905
TEA,1981,68.09223938
TLA,1981,80.38784027
TMN,1981,44.85625076
TSA,1981,38.72034073
UMC,1981,71.51981354
VEN,1981,84.73220062
WLD,1981,67.8274765
ARB,1982,49.31280136
CEB,1982,97.98486328
CHL,1982,91.12840271
CHN,1982,65.50508881
EAP,1982,69.36495209
EAR,1982,52.82164001
EAS,1982,70.87751007
ECU,1982,83.5526886
HTI,1982,34.73469162
IBD,1982,66.22316742
IBT,1982,62.73416901
IDA,1982,45.21340179
IDB,1982,49.09452057
IDX,1982,43.19889832
LAC,1982,79.46244049
LCN,1982,81.35733795
LDC,1982,41.53606033
LMC,1982,52.886291500000006
LMY,1982,62.22132111
LTE,1982,73.51553345
MAR,1982,30.25779915
MEA,1982,48.94219971
MIC,1982,63.59046936
MNA,1982,45.96107101
PRY,1982,78.45861053
SAS,1982,39.95093155
TEA,1982,68.96225739
TLA,1982,80.77571869
TMN,1982,45.63782883
TSA,1982,39.95093155
UMC,1982,72.24263
WLD,1982,68.46584320000001
ZWE,1982,77.79416656
ARB,1983,49.46091079999999
CEB,1983,98.00900269
EAP,1983,70.66796112
EAR,1983,53.43305969
EAS,1983,72.06401062
ECA,1983,93.70716095
IBD,1983,67.11998749
IBT,1983,63.53647995
IDA,1983,45.541088099999996
IDB,1983,49.41878891
IDX,1983,43.52835083
ISR,1983,91.75141144
LAC,1983,79.89407349
LCN,1983,81.75575256
LDC,1983,41.86174011
LMC,1983,53.38151932
LMY,1983,63.03390121
LTE,1983,74.60305786
MEA,1983,49.68362045
MIC,1983,64.43723297
MMR,1983,78.57041168
MNA,1983,46.780029299999995
OSS,1983,70.68493652
SAS,1983,40.60292816
TEA,1983,70.28240204
TEC,1983,94.21566772
TLA,1983,81.18425751
TMN,1983,46.46377945
TSA,1983,40.60292816
UMC,1983,73.37354279
WLD,1983,69.1450119
ARB,1984,50.22211838
BRB,1984,99.59999847
CEB,1984,98.04586029
CRI,1984,92.62904358
EAP,1984,71.7142868
EAR,1984,54.22085953
EAS,1984,73.02134705
ECA,1984,94.50653076
GRD,1984,98.59999847
IBD,1984,67.98512268
IBT,1984,64.32013702
IDA,1984,45.9156189
IDB,1984,49.73450089
IDX,1984,43.93341827
LAC,1984,80.30254364
LBR,1984,32.10676956
LBY,1984,60.16439056
LCN,1984,82.13156891
LDC,1984,42.24937057
LMC,1984,53.94602966
LMY,1984,63.82780075
LTE,1984,75.47052002
MEA,1984,50.62314987
MIC,1984,65.25650787
MNA,1984,47.79766846
OSS,1984,71.00148773
SAS,1984,41.25527954
TEA,1984,71.34248352
TEC,1984,94.93808746
TLA,1984,81.5693512
TMN,1984,47.49008179
TSA,1984,41.25527954
TUN,1984,48.19070053
UMC,1984,74.39875031
VUT,1984,58.20000076
WLD,1984,69.80885315
ARB,1985,51.00671005
ARE,1985,71.23529816
CEB,1985,98.07749939
EAP,1985,72.71466827
EAR,1985,54.87205124
EAS,1985,73.93724823
ECA,1985,94.76065826
IBD,1985,68.76293182
IBT,1985,65.03215027
IDA,1985,46.29721832
IDB,1985,50.05503082
IDX,1985,44.34672165
KWT,1985,74.49086761
LAC,1985,80.69790649
LCN,1985,82.49556732
LDC,1985,42.64260101
LIC,1985,45.25688934
LMC,1985,54.51049042
LMY,1985,64.54894257
LTE,1985,76.30850983
MDV,1985,92.23004913
MEA,1985,51.58504868
MIC,1985,65.99691772
MLT,1985,86.92984009
MNA,1985,48.86468124
OSS,1985,71.31638336
SAS,1985,41.909988399999996
SSA,1985,49.95809174
SSF,1985,49.96350098
TEA,1985,72.35601044
TEC,1985,95.17118073
TLA,1985,81.94220734
TMN,1985,48.56618118
TSA,1985,41.909988399999996
TSS,1985,49.96350098
TUR,1985,75.96823883
UMC,1985,75.28137207
URY,1985,95.37998199
WLD,1985,70.41400909
ARB,1986,51.924808500000005
CEB,1986,98.1027832
EAP,1986,73.64244079999999
EAR,1986,55.49100113
EAS,1986,74.7871933
ECA,1986,94.8504715
EGY,1986,44.42398834
FCS,1986,55.12725067
HPC,1986,44.05308914
IBD,1986,69.49056244
IBT,1986,65.69703674
IDA,1986,46.64706039
IDB,1986,50.37520981
IDX,1986,44.71194839
IRN,1986,52.31975937
LAC,1986,81.07952881
LCN,1986,82.84732056
LDC,1986,42.9827919
LIC,1986,45.65118027
LMC,1986,55.05397034
LMY,1986,65.22229767
LTE,1986,77.08598328
MEA,1986,52.6414299
MIC,1986,66.69123077
MNA,1986,50.03551102
OSS,1986,71.70123291
PRE,1986,49.21768188
QAT,1986,75.63504028
SAS,1986,42.56209183
SSA,1986,50.25825119
SSF,1986,50.26372147
SST,1986,76.25949859999999
SWZ,1986,67.23937988
TEA,1986,73.29598236
TEC,1986,95.25614166
TLA,1986,82.30240631
TMN,1986,49.7469902
TSA,1986,42.56209183
TSS,1986,50.26372147
UMC,1986,76.09758759
WLD,1986,70.98042297
ARB,1987,52.47986984
CEB,1987,98.13768768
DZA,1987,49.63087845
EAP,1987,74.88021088
EAR,1987,56.37620163
EAS,1987,75.96392059
ECA,1987,95.02375793
FCS,1987,55.7233696
HPC,1987,44.61978912
IBD,1987,70.35495758
IBT,1987,66.50502777
IDA,1987,47.17176056
IDB,1987,51.02965927
IDX,1987,45.16931152
LAC,1987,81.40415192
LCN,1987,83.13587952
LDC,1987,43.42271042
LIC,1987,46.19847107
LMC,1987,55.96263123
LMY,1987,66.04264069
LTE,1987,77.85742188
MEA,1987,53.40174103
MIC,1987,67.53205872
MNA,1987,50.87025070000001
MWI,1987,48.53665161
OSS,1987,72.25782776
PRE,1987,49.894569399999995
SAS,1987,43.21770859
SSA,1987,50.85934829999999
SSF,1987,50.86479187
SST,1987,76.66239929
SYC,1987,84.22921753
TEA,1987,74.55003357
TEC,1987,95.41786957
TLA,1987,82.59362793
TMN,1987,50.58882904
TSA,1987,43.21770859
TSS,1987,50.86479187
UMC,1987,76.88361359
WLD,1987,71.67884064
ARB,1988,53.43741989
CAF,1988,33.62442017
CEB,1988,98.03418732
CIV,1988,34.13927841
EAP,1988,79.2213974
EAR,1988,57.11584091
EAS,1988,79.86815643
ECA,1988,95.20906067
FCS,1988,56.22288132
HPC,1988,44.95066071
IBD,1988,72.72099304
IBT,1988,68.61128998
IDA,1988,47.97351837
IDB,1988,51.69567108
IDX,1988,46.04153061
LAC,1988,81.87812042
LCN,1988,83.62648773
LDC,1988,44.29367828
LIC,1988,46.77569962
LMC,1988,56.59386826
LMY,1988,68.18000793
LTE,1988,81.52794647
MEA,1988,54.50576019
MIC,1988,69.78652954
MNA,1988,51.98886871
OSS,1988,72.93192291
POL,1988,98.74273682
PRE,1988,50.39635849
SAS,1988,43.96738815
SEN,1988,26.86885071
SSA,1988,51.31710815
SSF,1988,51.32262039
SST,1988,77.14482117
TEA,1988,78.94828033
TEC,1988,95.54115295
TLA,1988,83.09980011
TMN,1988,51.71699142
TSA,1988,43.96738815
TSS,1988,51.32262039
TZA,1988,59.11380005
UMC,1988,80.45011902
WLD,1988,73.490448
ARB,1989,54.30371094
ARM,1989,98.75196075
BLR,1989,97.88336945
CEB,1989,98.09084320000001
EAP,1989,79.91346741
EAR,1989,57.79943848
EAS,1989,80.51106262
ECA,1989,95.33103179999999
EST,1989,99.72644043
FCS,1989,56.47195053
HPC,1989,45.55664825
IBD,1989,73.36379242
IBT,1989,69.24124146
IDA,1989,48.53894043
IDB,1989,52.227859499999994
IDX,1989,46.62419891
KAZ,1989,97.5293808
LAC,1989,82.33364105
LCN,1989,84.07037354
LDC,1989,44.8922081
LIC,1989,47.33084106
LMC,1989,57.27375031
LMY,1989,68.81507874
LTE,1989,82.11582947
LTU,1989,98.44126892
LVA,1989,99.45230103
MDA,1989,96.37754822
MEA,1989,55.53435135
MIC,1989,70.42759705
MNA,1989,53.0293808
NCL,1989,93.08062744
OSS,1989,73.59233093
PRE,1989,51.09593964
RUS,1989,97.98605347
SAS,1989,44.73162842
SSA,1989,51.88708878
SSF,1989,51.89262009
SST,1989,77.61772156
TEA,1989,79.64945221
TEC,1989,95.65242767
TJK,1989,97.69402313
TLA,1989,83.55753326
TMN,1989,52.76636887
TSA,1989,44.73162842
TSS,1989,51.89262009
UMC,1989,81.05982208
VNM,1989,87.59645081
WLD,1989,74.0358429
ARB,1990,55.22864914
BDI,1990,37.38471985
CEB,1990,98.1505127
CHN,1990,77.78505707
CPV,1990,62.79685974
EAP,1990,79.78829193
EAR,1990,58.65626907
EAS,1990,80.41609192
ECA,1990,95.56945038
ECU,1990,88.29875946
FCS,1990,56.93336868
GUM,1990,99.36914825
HPC,1990,46.10427856
IBD,1990,73.69135284
IBT,1990,69.61347198
IDA,1990,49.13544083
IDB,1990,52.90594101
IDN,1990,81.51985168
IDX,1990,47.17834854
LAC,1990,82.71324921
LCN,1990,84.4156723
LDC,1990,45.43988037
LIC,1990,47.93783951
LMC,1990,57.8882103
LMY,1990,69.19165802
LTE,1990,82.02200317
MDV,1990,96.01825714
MEA,1990,57.93727875
MEX,1990,87.55615234
MIC,1990,70.78688049
MNA,1990,55.63357162
MUS,1990,79.86865997
OSS,1990,74.08090209999999
PAN,1990,88.77986145
PHL,1990,93.57389832
PRE,1990,51.68204117
PRI,1990,89.62249756
SAS,1990,45.47370911
SGP,1990,89.09600067
SSA,1990,52.52119064
SSF,1990,52.52672958
SST,1990,77.98764801
TEA,1990,79.52262115
TEC,1990,95.86818695
TLA,1990,83.912323
TMN,1990,55.39273834
TSA,1990,45.47370911
TSS,1990,52.52672958
TTO,1990,96.93855286
TUR,1990,79.23245239
UMC,1990,81.21285248
VEN,1990,89.82524872
WLD,1990,74.37036896
ZMB,1990,64.9982605
ARB,1991,56.30249023
ARG,1991,96.12819672
BFA,1991,13.56923008
BGD,1991,35.31930161
BHR,1991,84.01383209
BIH,1991,89.063591
BLZ,1991,70.29842377
BRN,1991,87.80417633
BWA,1991,68.58090973
CEB,1991,98.1968689
EAP,1991,81.07843781
EAR,1991,59.13957977
EAS,1991,81.5844574
ECA,1991,95.60775757
ESP,1991,96.49497223
FCS,1991,57.12297821
GRC,1991,92.61045074
HPC,1991,46.34482956
HRV,1991,96.70155334
IBD,1991,74.46859741
IBT,1991,70.29566193
IDA,1991,49.53293991
IDB,1991,53.75659943
IDX,1991,47.34547043
IND,1991,48.22206879
IRN,1991,65.53140259
LAC,1991,83.36273956
LCN,1991,84.98673248
LDC,1991,45.57678986
LIC,1991,48.24253082
LMC,1991,58.37324142
LMY,1991,69.88775635
LTE,1991,83.11192322
MEA,1991,59.19171143
MIC,1991,71.52575684
MNA,1991,56.94411087
MNE,1991,93.46273804
MYS,1991,82.91536713
NGA,1991,55.44675064
NPL,1991,32.97558975
OSS,1991,74.51757049999999
PRE,1991,52.18637085
PRT,1991,87.94785309
RWA,1991,57.85348892
SAS,1991,45.856441499999995
SSA,1991,52.90985870000001
SSF,1991,52.91543961
SST,1991,78.27375793
STP,1991,73.24241638
SVN,1991,99.52452087
TEA,1991,80.82849884
TEC,1991,95.90473175
TLA,1991,84.50878906
TMN,1991,56.71229935
TSA,1991,45.856441499999995
TSS,1991,52.91543961
UGA,1991,56.10737991
UMC,1991,82.24320984
WLD,1991,74.91169739
WSM,1991,97.94432831
ARB,1992,57.21007919
BEN,1992,27.2452507
BOL,1992,79.99176788
CEB,1992,98.24710083
CHL,1992,94.2911377
CYP,1992,94.36247253
EAP,1992,81.59220123
EAR,1992,60.16296005
EAS,1992,82.0579071
ECA,1992,95.73017883
FCS,1992,57.30622101
HPC,1992,46.62602997
IBD,1992,75.0615387
IBT,1992,70.90306854
IDA,1992,50.40177917
IDB,1992,55.33506012
IDX,1992,47.85264969
LAC,1992,84.07553101
LCN,1992,85.59983063
LDC,1992,46.09062958
LIC,1992,48.62147903
LMC,1992,59.30427170000001
LMY,1992,70.50855255
LTE,1992,83.55748749
MEA,1992,60.19424057
MIC,1992,72.17897797
MNA,1992,58.01356888
OSS,1992,74.98156738
PRE,1992,52.51066971
PRY,1992,90.27182007
ROU,1992,96.7099762
SAS,1992,47.14768982
SAU,1992,70.82164764
SLV,1992,74.14315796
SSA,1992,53.37010956
SSF,1992,53.37565994
SST,1992,78.58914185
TEA,1992,81.3495636
TEC,1992,96.01564026
TLA,1992,85.14871979
TMN,1992,57.78865051
TSA,1992,47.14768982
TSS,1992,53.37565994
UMC,1992,82.74024200000001
WLD,1992,75.33718109
ZWE,1992,83.51258087
ARB,1993,57.90467834
CEB,1993,98.28861237
COL,1993,91.06308746
CSS,1993,86.24558258
EAP,1993,82.06098175
EAR,1993,60.94900131
EAS,1993,82.48622131
ECA,1993,95.85115814
FCS,1993,57.54092026
GAB,1993,72.23367309999999
HPC,1993,46.98823929
IBD,1993,75.55523682
IBT,1993,71.42204285
IDA,1993,51.23949051
IDB,1993,56.98725891
IDX,1993,48.27605057
LAC,1993,84.79889679
LCN,1993,86.23313141
LDC,1993,46.51237869
LIC,1993,48.97018051
LMC,1993,60.03184891
LMY,1993,71.03795624
LTE,1993,83.99336243
MEA,1993,61.06282043
MIC,1993,72.73722076
MNA,1993,58.93798828
OSS,1993,75.56527709999999
PER,1993,87.15062714
PRE,1993,53.06890106
SAS,1993,48.12347031
SSA,1993,53.94697189
SSF,1993,53.95251846
SST,1993,78.99208069
TCD,1993,10.89465046
TEA,1993,81.82592773
TEC,1993,96.12560272
TLA,1993,85.80966949
TMN,1993,58.71173096
TSA,1993,48.12347031
TSS,1993,53.95251846
UMC,1993,83.22736359
WLD,1993,75.74468994
ARB,1994,58.71620941
BRB,1994,99.59999847
CEB,1994,98.33435059
CSS,1994,86.29177094
EAP,1994,82.60449982
EAR,1994,61.74475861
EAS,1994,83.00354767
ECA,1994,95.97090149
ECS,1994,95.67311096
ETH,1994,27.01136017
FCS,1994,58.45648956
GRD,1994,98.59999847
GTM,1994,64.2116394
HPC,1994,47.58089066
IBD,1994,76.04139709
IBT,1994,71.92733002
IDA,1994,52.04851151
IDB,1994,57.74591064
IDX,1994,49.11684036
LAC,1994,85.44261169
LBY,1994,76.5
LCN,1994,86.79705048
LDC,1994,47.38945007
LIC,1994,49.55834961
LMC,1994,60.73617172
LMY,1994,71.55310059
LTE,1994,84.40254974
MAR,1994,41.59410858
MEA,1994,62.03456879
MIC,1994,73.26312256
MKD,1994,94.05874634
MNA,1994,59.95621872
OSS,1994,75.76490784
PHL,1994,93.91596985
PRE,1994,53.64817047
SAS,1994,48.895088200000004
SSA,1994,54.684230799999995
SSF,1994,54.68965912
SST,1994,79.13143921
SYC,1994,87.8111496
TEA,1994,82.37767792
TEC,1994,96.23468018
TLA,1994,86.39832306
TMN,1994,59.72954178
TSA,1994,48.895088200000004
TSS,1994,54.68965912
UMC,1994,83.68836212
VUT,1994,68.69999695
WLD,1994,76.14729309
YEM,1994,37.09000015
ARB,1995,59.68523026
CEB,1995,98.37998962
CSS,1995,86.55712891
EAP,1995,83.14112091
EAR,1995,62.53831863
EAS,1995,83.51239777
ECA,1995,96.09277344
ECS,1995,95.81220245
FCS,1995,58.9664917
HPC,1995,47.55519867
IBD,1995,76.55654907
IBT,1995,72.41317749
IDA,1995,52.62282944
IDB,1995,58.49119186
IDX,1995,49.60810089
KWT,1995,78.39550018
LAC,1995,86.13089752
LAO,1995,60.25133133
LCN,1995,87.39913940000001
LDC,1995,48.10218048
LIC,1995,49.91783142
LMC,1995,61.39855957
LMY,1995,72.04827881
LTE,1995,84.82749176
MDV,1995,96.32649994
MEA,1995,63.54455948
MIC,1995,73.78668976
MLT,1995,87.86869812
MNA,1995,61.58005142
OSS,1995,76.17324066
PRE,1995,54.01322174
PSS,1995,88.05579376
SAS,1995,49.6832695
SSA,1995,54.97274017
SSF,1995,54.97827911
SST,1995,79.46811676
TEA,1995,82.92167664
TEC,1995,96.34597015
TKM,1995,98.77832031
TLA,1995,87.02622223
TMN,1995,61.3585701
TSA,1995,49.6832695
TSS,1995,54.97827911
UMC,1995,84.1984024
WLD,1995,76.53678894
ARB,1996,61.15467834
BFA,1996,12.84817028
CEB,1996,98.41967009999999
COL,1996,91.20716095
CSS,1996,86.80342102
EAP,1996,83.67756653
EAR,1996,63.27360153
EAS,1996,84.02237701
ECA,1996,96.27172852
ECS,1996,95.97373199
EGY,1996,55.587001799999996
FCS,1996,59.50374985
FJI,1996,92.94288635
GIN,1996,20.55374908
HPC,1996,48.0552597
IBD,1996,77.09178925
IBT,1996,72.94277191
IDA,1996,53.27151871
IDB,1996,59.33003998
IDX,1996,50.15782166
IRN,1996,73.06024933
LAC,1996,86.50424194
LCN,1996,87.72866821
LDC,1996,48.63626862
LIC,1996,50.37390137
LMC,1996,62.12160873
LMY,1996,72.58843994
LTE,1996,85.27111053
MEA,1996,64.88459015
MIC,1996,74.34131622
MNA,1996,62.98683167
NCL,1996,96.13791656
OSS,1996,76.79704285
PRE,1996,54.70978928
PSS,1996,88.12049866
SAS,1996,50.48078918
SSA,1996,55.65361023
SSF,1996,55.65904999
SST,1996,79.95171356
TEA,1996,83.46698761
TEC,1996,96.5080719
TLA,1996,87.36940002
TMN,1996,62.76903152
TON,1996,98.90537262
TSA,1996,50.48078918
TSS,1996,55.65904999
UMC,1996,84.66629028
URY,1996,96.78180695
WLD,1996,76.95825958
ZAF,1996,82.40209961
ARB,1997,61.91184998
CEB,1997,98.45884705
CSS,1997,87.05032349
EAP,1997,89.31780243
EAR,1997,63.93399811
EAS,1997,89.07652283
ECA,1997,96.38320923
ECS,1997,96.09992981
FCS,1997,60.36545181
HPC,1997,48.892078399999995
IBD,1997,80.03015137
IBT,1997,75.46573639
IDA,1997,54.03757095
IDB,1997,60.09954834
IDX,1997,50.92010117
LAC,1997,86.82592773
LCN,1997,88.01811981
LDC,1997,49.39862823
LIC,1997,51.15887070000001
LMC,1997,62.74988937
LMY,1997,75.15036774
LTE,1997,90.13375854
MEA,1997,65.82176971
MIC,1997,77.05613708
MNA,1997,63.93748856
MOZ,1997,38.70787811
OSS,1997,77.35665131
PRE,1997,55.67697144
PSE,1997,86.06288909999999
PSS,1997,88.32592009999999
QAT,1997,83.26216125
SAS,1997,51.28226089
SSA,1997,56.52672958
SSF,1997,56.53203964
SST,1997,80.39781189
TEA,1997,89.18044281
TEC,1997,96.61009979
TLA,1997,87.67156982
TMN,1997,63.73197174
TSA,1997,51.28226089
TSS,1997,56.53203964
UMC,1997,89.25733185
WLD,1997,78.99459839
ARB,1998,63.11761856
CEB,1998,98.54361725
CIV,1998,36.3502388
CSS,1998,87.29929352
EAP,1998,89.68923187
EAR,1998,66.96061707
EAS,1998,89.43335724
ECA,1998,96.70796967
ECS,1998,96.35246277
FCS,1998,61.23717117
HPC,1998,49.59175873
IBD,1998,81.6051178
IBT,1998,76.95461273
IDA,1998,55.36162949
IDB,1998,61.05289078
IDX,1998,52.43257141
KHM,1998,67.3350296
LAC,1998,87.34596252
LCN,1998,88.49388123
LDC,1998,50.9615097
LIC,1998,51.76654053
LMC,1998,65.89875793
LMY,1998,76.66101074
LTE,1998,90.48052216
MEA,1998,67.0242691
MIC,1998,78.65403748
MLI,1998,19.04496956
MNA,1998,65.12837982
MWI,1998,64.13424683
OSS,1998,78.16401672
PAK,1998,42.69931029999999
POL,1998,98.74273682
PRE,1998,56.36751175
PSS,1998,88.53090668
SAS,1998,56.16217041
SSA,1998,57.18735123
SSF,1998,57.19256973
SST,1998,81.01567841
TEA,1998,89.55673218
TEC,1998,96.90661621
TLA,1998,88.16989136
TMN,1998,64.91188049
TSA,1998,56.16217041
TSS,1998,57.19256973
UMC,1998,89.65334320000001
WLD,1998,80.20787811
ARB,1999,64.17577362
AZE,1999,98.79180145
BLR,1999,99.59072876
CEB,1999,98.47383118
CSS,1999,86.98088837
EAP,1999,90.02454376
EAR,1999,67.5734787
EAS,1999,89.79080963
ECA,1999,96.77288055
ECS,1999,96.46463776
FCS,1999,61.79219055
HPC,1999,50.395088200000004
IBD,1999,81.98214722
IBT,1999,77.36090088
IDA,1999,56.12842941
IDB,1999,61.65975189
IDX,1999,53.27944183
JAM,1999,79.92012024
KAZ,1999,99.51265717
KGZ,1999,98.70160675
LAC,1999,87.6872406
LCN,1999,88.78929901
LDC,1999,51.844970700000005
LIC,1999,52.34968185
LMC,1999,66.52758789
LMY,1999,77.07523346
LTE,1999,90.78952026
MEA,1999,68.0923996
MIC,1999,79.07006073
MNA,1999,66.22840881
OSS,1999,78.70902252
PRE,1999,57.28266144
PSS,1999,88.72763824
SAS,1999,56.91616058
SLB,1999,76.59999847
SSA,1999,58.01840973
SSF,1999,58.02350998
SST,1999,81.31536865
TEA,1999,89.89668274
TEC,1999,96.96655273
TLA,1999,88.48042297
TMN,1999,66.01418304
TSA,1999,56.91616058
TSS,1999,58.02350998
UMC,1999,89.99101257
VNM,1999,90.27829742
VUT,1999,74.0
WLD,1999,80.55516052
ZMB,1999,68.00179291
ABW,2000,97.29125
ARB,2000,65.11592865
BDI,2000,59.303619999999995
BIH,2000,96.6631
BRA,2000,86.36788
CAF,2000,50.64517
CEB,2000,98.50942993
CHN,2000,90.92021
CIV,2000,48.740759999999995
CMR,2000,68.40916
COM,2000,68.48923
CRI,2000,94.86819
CSS,2000,87.82008362
EAP,2000,90.55638885
EAR,2000,68.25006104
EAS,2000,90.31352997
ECA,2000,96.88841248
ECS,2000,96.58328247
EST,2000,99.7672
FCS,2000,62.63916016
GHA,2000,57.89747
GMB,2000,36.81773
GNB,2000,41.35777
GNQ,2000,88.3083
HPC,2000,51.11949921
IBD,2000,82.47142792
IBT,2000,77.62660217
IDA,2000,55.575580599999995
IDB,2000,58.67018127
IDX,2000,53.98054123
IRQ,2000,74.0522
KEN,2000,82.22908000000001
LAC,2000,87.96173096
LAO,2000,69.58312
LCN,2000,89.03215027
LDC,2000,52.31230164
LIC,2000,52.72489929
LMC,2000,66.69432068
LMY,2000,77.34671783
LSO,2000,86.25443
LTE,2000,91.18588257
LVA,2000,99.74656999999999
MDA,2000,96.6538
MDG,2000,70.68616999999999
MEA,2000,69.10521698
MEX,2000,90.53562
MIC,2000,79.34767151
MMR,2000,89.94176
MNA,2000,67.2686615
MNG,2000,97.76885
MRT,2000,51.207679999999996
MUS,2000,84.30309
MYS,2000,88.68776
OSS,2000,78.78282166
PAN,2000,91.89962
PHL,2000,92.60006
PNG,2000,57.34326
PRE,2000,55.59630966
PSS,2000,88.90367126
RWA,2000,64.8886
SAS,2000,57.68935013
SAU,2000,79.35094000000001
SDN,2000,61.34587
SGP,2000,92.5494
SSA,2000,56.65515137
SSF,2000,56.66054153
SST,2000,81.55918884
SWZ,2000,81.6607
TCD,2000,25.65421
TEA,2000,90.43605804
TEC,2000,97.07150269
TGO,2000,53.1776
THA,2000,92.64654
TJK,2000,99.45068
TLA,2000,88.73531342
TMN,2000,67.05738068
TSA,2000,57.68935013
TSS,2000,56.66054153
TTO,2000,97.9
UMC,2000,90.44329834
UZB,2000,98.64258000000001
VNM,2000,90.15613
WLD,2000,80.77861786
AGO,2001,67.40541999999999
ALB,2001,98.71298
ARB,2001,66.33673096
ARG,2001,97.19331
ARM,2001,99.40016
ATG,2001,98.95
BGD,2001,47.4855
BGR,2001,98.20356
BHR,2001,86.54874000000001
BOL,2001,86.72367
BRN,2001,92.67113
CEB,2001,98.53637695
COD,2001,67.17299
CSS,2001,88.10883331
CYP,2001,96.80363
EAP,2001,90.79418182
EAR,2001,68.6783371
EAS,2001,90.52139282
ECA,2001,96.96607208
ECS,2001,96.66436005
ECU,2001,90.98403
FCS,2001,63.49874115
GRC,2001,95.99436
HND,2001,80.01103
HPC,2001,52.00061035
HRV,2001,98.14668
IBD,2001,82.71736145
IBT,2001,77.93464661
IDA,2001,56.36352158
IDB,2001,59.58351898
IDX,2001,54.70386887
IND,2001,61.014559999999996
ITA,2001,98.41662
LAC,2001,88.06271362
LAO,2001,68.73439
LCN,2001,89.1272583
LDC,2001,52.975109100000005
LIC,2001,53.44913864
LKA,2001,90.68275
LMC,2001,67.17926788
LMY,2001,77.6604538
LTE,2001,91.40296936
LTU,2001,99.64575
MAC,2001,91.29536999999999
MEA,2001,70.23461151
MIC,2001,79.6439209
MNA,2001,68.42131805
NER,2001,14.37604
NIC,2001,76.67713
NPL,2001,48.60897
OSS,2001,79.48367309999999
PRE,2001,56.6256485
PSS,2001,89.09323883
SAS,2001,58.13003922
SSA,2001,57.65636826
SSF,2001,57.66170883
SST,2001,82.11403656
STP,2001,84.90850999999999
TEA,2001,90.6772995
TEC,2001,97.14257813
TLA,2001,88.83635712
TLS,2001,37.6
TMN,2001,68.21526337
TSA,2001,58.13003922
TSS,2001,57.66170883
UKR,2001,99.43041
UMC,2001,90.64936829
VEN,2001,92.97983
WLD,2001,81.01631927
ARB,2002,67.52146912
BEN,2002,34.65785
CEB,2002,98.56638336
CHL,2002,95.71661999999999
CSS,2002,88.37471008
CUB,2002,99.79907
DOM,2002,86.99647
DZA,2002,69.8735
EAP,2002,91.17562866
EAR,2002,69.37348938
EAS,2002,90.90912628
ECA,2002,97.05272675
ECS,2002,96.80673218
ERI,2002,52.51395
FCS,2002,64.28410339
GEO,2002,99.65235
GTM,2002,69.10173
HPC,2002,52.46754837
IBD,2002,83.14940643
IBT,2002,78.38664246
IDA,2002,57.07751083
IDB,2002,60.24882889
IDX,2002,55.4430809
IRN,2002,77.0
LAC,2002,88.18894958
LCN,2002,89.24292755
LDC,2002,53.63602066
LIC,2002,53.92974854
LMC,2002,68.00910187
LMY,2002,78.12187958
LTE,2002,91.72358704
MEA,2002,70.68363190000001
MEX,2002,90.27465
MIC,2002,80.11904907
MKD,2002,96.12893000000001
MNA,2002,68.73657227
OSS,2002,80.31768036
PRE,2002,57.21588135
ROU,2002,97.29759
RUS,2002,99.44097
SAS,2002,59.21207047
SEN,2002,39.27525
SSA,2002,58.16490936
SSF,2002,58.17021179
SST,2002,82.75875092
SYC,2002,91.83646
SYR,2002,82.88825
TEA,2002,91.06439209
TEC,2002,97.22074127
TLA,2002,88.95791626
TMN,2002,68.51264954
TSA,2002,59.21207047
TSS,2002,58.17021179
TZA,2002,69.4309
UGA,2002,68.14251
UMC,2002,90.85549927
WLD,2002,81.41221619
ZMB,2002,69.14922
ARB,2003,70.1877594
BFA,2003,21.82292
BWA,2003,81.18871
CEB,2003,98.58281708
CSS,2003,88.62844086
EAP,2003,91.55072021
EAR,2003,70.40602875
EAS,2003,91.30444336
ECA,2003,97.12626648
ECS,2003,96.89122772
FCS,2003,64.44210052
GIN,2003,29.70402
HPC,2003,53.30905151
HTI,2003,58.7439
IBD,2003,83.81764221
IBT,2003,79.03125763
IDA,2003,57.78038025
IDB,2003,60.8504715
IDX,2003,56.19812012
JOR,2003,89.89232
LAC,2003,89.06987762
LCN,2003,90.01100159
LDC,2003,54.49568176
LIC,2003,54.497508999999994
LMC,2003,68.85848999
LMY,2003,78.77841187
LTE,2003,92.11988831
MEA,2003,73.94257355
MIC,2003,80.79873657
MLI,2003,24.0
MNA,2003,72.39302063
MNE,2003,97.77346
MOZ,2003,48.158840000000005
NGA,2003,54.77318
OMN,2003,81.36331
OSS,2003,81.02063751
PHL,2003,92.59069000000001
PRE,2003,57.63010025
SAS,2003,60.10100174
SSA,2003,58.62374878
SSF,2003,58.62910843
SST,2003,83.30786133
TEA,2003,91.44515228
TEC,2003,97.28729248
TLA,2003,89.75382233
TMN,2003,72.20114899
TSA,2003,60.10100174
TSS,2003,58.62910843
UMC,2003,91.41396332
WLD,2003,81.94161987
ARB,2004,71.17532349
BRA,2004,88.61624
BRB,2004,99.6
CEB,2004,98.60521698
COL,2004,92.80378
CPV,2004,81.0
CSS,2004,88.88195801
EAP,2004,92.09281158
EAR,2004,71.19555664
EAS,2004,91.86688232
ECA,2004,97.29122925
ECS,2004,96.98104095
ESP,2004,97.16512
ETH,2004,35.9
FCS,2004,64.87567902
GRD,2004,98.6
HPC,2004,55.15489960000001
IBD,2004,84.30979919
IBT,2004,79.64650726
IDA,2004,59.11864853
IDB,2004,62.04367065
IDN,2004,90.38479
IDX,2004,57.61091995
KHM,2004,73.60995
LAC,2004,89.03977203
LBY,2004,86.1
LCN,2004,89.99260712
LDC,2004,55.99261856
LIC,2004,56.25587082
LMC,2004,69.55857086
LMY,2004,79.40396118
LTE,2004,92.54826355
MAR,2004,52.306259999999995
MEA,2004,74.85720825
MEX,2004,90.95374
MIC,2004,81.34761809999999
MNA,2004,73.29144287
OSS,2004,81.44180298
PER,2004,87.66985
PRE,2004,58.91059875
PSE,2004,92.27996999999999
QAT,2004,88.96239
SAS,2004,60.87245941
SAU,2004,82.85774
SLE,2004,34.82679
SSA,2004,60.50690842
SSF,2004,60.51203156
SST,2004,83.65692902
SUR,2004,89.59806
SVN,2004,99.7
SYR,2004,80.84451999999999
TCD,2004,28.381429999999998
TEA,2004,91.99475861
TEC,2004,97.43592834
TLA,2004,89.73607635
TMN,2004,73.10896301
TSA,2004,60.87245941
TSS,2004,60.51203156
TUN,2004,74.297
TUR,2004,87.36549000000001
UMC,2004,91.86766052
VUT,2004,78.4
WLD,2004,82.45339966
YEM,2004,54.1
ARB,2005,71.75141907
ARE,2005,90.03385
BFA,2005,23.553720000000002
BTN,2005,52.81469
CEB,2005,98.62831116
COL,2005,92.84866
CSS,2005,89.16519165
EAP,2005,92.46090698
EAR,2005,71.10224915
EAS,2005,92.24886322
ECA,2005,97.49430847
ECS,2005,96.97740936
EGY,2005,71.40886
ESP,2005,97.75069
ETH,2005,29.82034
FCS,2005,65.08939362
GRC,2005,93.04431
HPC,2005,54.3778801
IBD,2005,84.40899658
IBT,2005,79.63095093
IDA,2005,58.80804825
IDB,2005,61.44799042
IDX,2005,57.4468689
IRN,2005,82.4412
JOR,2005,91.13075
KWT,2005,93.27445999999999
LAC,2005,89.57859039
LAO,2005,72.70226
LCN,2005,90.47019196
LDC,2005,55.75614929
LIC,2005,55.51005936
LMC,2005,69.39663696
LMY,2005,79.38974762
LTE,2005,92.87303925
MEA,2005,75.31095886
MEX,2005,91.63027
MIC,2005,81.41654968
MLT,2005,92.36309
MNA,2005,73.70323181
NER,2005,28.672420000000002
NIC,2005,78.00298000000001
OSS,2005,81.97775269
PAK,2005,49.87364
PER,2005,87.90867
PRE,2005,58.38719177
SAS,2005,60.64294052
SSA,2005,59.5177803
SSF,2005,59.52307892
SST,2005,84.09007263
TEA,2005,92.36785889
TEC,2005,97.61894989
THA,2005,93.50647
TLA,2005,90.23155212
TMN,2005,73.51612091
TSA,2005,60.64294052
TSS,2005,59.52307892
TUR,2005,88.22906
UMC,2005,92.20535278
WLD,2005,82.41014862
ARB,2006,69.65244293
ARG,2006,98.6108
BEN,2006,28.702109999999998
BFA,2006,22.472579999999997
BRA,2006,89.61523000000001
CEB,2006,98.63603973
COL,2006,92.29968000000001
CSS,2006,89.33988190000001
DZA,2006,72.64868
EAP,2006,92.8840332
EAR,2006,71.24558258
EAS,2006,92.67140961
ECA,2006,97.45812988
ECS,2006,97.13384247
EGY,2006,66.36991
FCS,2006,63.21735001
HPC,2006,53.23855972
HTI,2006,48.68502
IBD,2006,84.40248108
IBT,2006,79.57724762
IDA,2006,58.75864029
IDB,2006,62.32202148
IDN,2006,91.98227
IDX,2006,56.92008972
IND,2006,62.75447
IRN,2006,82.33131999999999
KWT,2006,93.28211999999999
LAC,2006,89.48059082
LCN,2006,90.47413635
LDC,2006,55.108699800000004
LIC,2006,55.3279686
LKA,2006,90.80883
LMC,2006,69.21127319
LMY,2006,79.32791138
LTE,2006,93.09925079
MAC,2006,93.49975
MDV,2006,98.3979
MEA,2006,74.57663727
MEX,2006,91.73451999999999
MIC,2006,81.38768768
MLI,2006,26.17655
MNA,2006,72.69731903
OSS,2006,81.54061127
PAK,2006,54.15121
PER,2006,88.69934
PRE,2006,56.80527878
PSE,2006,93.45000999999999
SAS,2006,60.81309891
SEN,2006,41.89115
SLV,2006,83.55946
SSA,2006,58.35353851
SSF,2006,58.35897827
SST,2006,83.79750061
TEA,2006,92.79660797
TEC,2006,97.58699036
TGO,2006,56.888369999999995
TLA,2006,90.23787689
TMN,2006,72.49503326
TON,2006,99.01846
TSA,2006,60.81309891
TSS,2006,58.35897827
TUR,2006,88.11939
UGA,2006,71.37314
UMC,2006,92.39195251
URY,2006,97.78963
WLD,2006,82.41246796
ARB,2007,70.13626099
AZE,2007,99.60191
BFA,2007,28.72921
BGD,2007,46.6636
BOL,2007,90.74347
BRA,2007,90.00936999999999
CEB,2007,98.65450287
CMR,2007,70.67994
COD,2007,61.20555
COL,2007,92.65179
CSS,2007,89.92343903
CYM,2007,98.86782
DOM,2007,88.24446
EAP,2007,93.96150208
EAR,2007,72.19947815
EAS,2007,93.66029358
ECA,2007,97.55348969
ECS,2007,97.13419342
ECU,2007,92.09679
ESP,2007,97.93884
ETH,2007,38.995979999999996
FCS,2007,63.49914932
GRC,2007,93.93155
HND,2007,83.58899
HPC,2007,54.59339142
IBD,2007,85.47662354
IBT,2007,80.31774139
IDA,2007,58.31108093
IDB,2007,61.57181931
IDX,2007,56.62741089
JOR,2007,92.19958000000001
KEN,2007,72.15703
KWT,2007,93.66419
LAC,2007,90.1363678
LBN,2007,89.61244
LBR,2007,42.94108
LCN,2007,91.04754639
LDC,2007,54.54721069
LIC,2007,56.413619999999995
LMC,2007,69.83592987
LMY,2007,80.08049011
LTE,2007,94.08960724
MEA,2007,75.09182739
MEX,2007,92.79517
MIC,2007,82.13751984
MNA,2007,73.11540222
MRT,2007,45.50378
OSS,2007,80.74594116
PER,2007,89.59081
PRE,2007,56.19433975
PRY,2007,94.55821999999999
PSE,2007,93.88214
QAT,2007,93.08274
SAS,2007,61.97816849
SLV,2007,82.02863
SSA,2007,58.49351120000001
SSF,2007,58.49887848
SST,2007,83.32940674
TEA,2007,93.88745117
TEC,2007,97.67311859
TLA,2007,90.83162689
TLS,2007,50.6
TMN,2007,72.9102478
TSA,2007,61.97816849
TSS,2007,58.49887848
TUN,2007,77.1904
TUR,2007,88.6559
UMC,2007,93.34848785
URY,2007,97.86389
VEN,2007,95.15464
WLD,2007,83.00002289
ZAF,2007,88.71725
ZMB,2007,61.428290000000004
ALB,2008,95.93864
ARB,2008,71.08016205
BDI,2008,48.08406
BOL,2008,90.69811
BRA,2008,90.03662
CEB,2008,98.69248962
CHL,2008,98.64901
COL,2008,93.37818
CSS,2008,90.16815948
DZA,2008,75.13605
EAP,2008,94.20285034
EAR,2008,73.28024292
EAS,2008,93.93315887
ECA,2008,97.55825043
ECS,2008,97.2484436
ECU,2008,92.39005
ERI,2008,64.66297
ESP,2008,97.63061
FCS,2008,63.09912872
HPC,2008,54.11573029
IBD,2008,85.83152771
IBT,2008,80.76908112
IDA,2008,59.43962097
IDB,2008,61.69100189
IDN,2008,92.1923
IDX,2008,58.27619934
IRN,2008,82.9623
KHM,2008,77.58654
KWT,2008,93.8983
LAC,2008,90.43141937
LCN,2008,91.31507111
LDC,2008,56.27473831
LIC,2008,55.71715927
LKA,2008,90.55795
LMC,2008,70.91819763
LMY,2008,80.53759003
LTE,2008,94.31301117
MAR,2008,55.14791999999999
MEA,2008,75.75370026
MEX,2008,92.9256
MIC,2008,82.7245636
MNA,2008,73.69349670000001
NGA,2008,51.077659999999995
OMN,2008,86.62114
OSS,2008,81.78520203
PAK,2008,55.52636999999999
PHL,2008,95.4201
POL,2008,98.74274
PRE,2008,55.52373123
PRK,2008,99.99819000000001
PRY,2008,93.29208
PSE,2008,92.53616
QAT,2008,93.98973000000001
SAS,2008,63.63832855
SDN,2008,53.51738
SLV,2008,83.9513
SSA,2008,58.07780075
SSD,2008,26.83128
SSF,2008,58.08311844
SST,2008,84.1050415
STP,2008,69.53639
SUR,2008,94.62094
TEA,2008,94.13175201
TEC,2008,97.68100739
TLA,2008,91.10935974
TMN,2008,73.50450134
TSA,2008,63.63832855
TSS,2008,58.08311844
TUN,2008,77.56113
UMC,2008,93.58744049
URY,2008,98.16356
WLD,2008,83.41059875
ARB,2009,69.8055191
ARG,2009,98.98342
AZE,2009,99.75984
BLR,2009,99.61706
BOL,2009,91.16783000000001
BRA,2009,90.29821
CEB,2009,98.89840698
CHL,2009,98.55368
COL,2009,93.24469
CSS,2009,90.37497711
EAP,2009,94.50540161
EAR,2009,74.12976837
EAS,2009,94.22499847
ECA,2009,98.08685303
ECS,2009,97.4167099
ECU,2009,92.24976
ESP,2009,97.67926999999999
FCS,2009,61.12036896
GRC,2009,93.90511
GUY,2009,84.99401
HPC,2009,54.78145981
IBD,2009,86.23973846
IBT,2009,81.17484283
IDA,2009,60.10617065
IDB,2009,62.594841
IDN,2009,92.5817
IDX,2009,58.81906891
KAZ,2009,99.73241
KGZ,2009,99.24343
KHM,2009,73.90003
LAC,2009,90.76129913
LBN,2009,91.18419
LCN,2009,91.69281769
LDC,2009,57.18098068
LIC,2009,56.82658005
LMC,2009,71.53401947
LMY,2009,80.94197083
LSO,2009,75.8002
LTE,2009,94.59371185
MAR,2009,56.08367
MDG,2009,64.48091
MEA,2009,75.67649841
MEX,2009,93.44188
MIC,2009,83.09661102
MNA,2009,73.44956207
MOZ,2009,50.58381
OSS,2009,81.23047638
PAK,2009,54.89264
PRE,2009,55.26485825
PRY,2009,93.75424
PSE,2009,94.59917
QAT,2009,94.72429
SAS,2009,64.33766174
SEN,2009,49.69513
SLB,2009,76.6
SLV,2009,84.10289
SSA,2009,59.24615097
SSF,2009,59.25123978
SST,2009,83.72168732
TEA,2009,94.43798065
TEC,2009,98.15621185
TGO,2009,57.09338
TLA,2009,91.50401306
TMN,2009,73.23410797
TSA,2009,64.33766174
TSS,2009,59.25123978
TUR,2009,90.81671999999999
UMC,2009,93.83985138
URY,2009,98.26723
VEN,2009,95.51199
VNM,2009,93.52045
WLD,2009,83.72041321
ZAF,2009,92.89486
ABW,2010,96.82264
ARB,2010,70.76441
ARG,2010,98.95496999999999
AZE,2010,99.77114
BHR,2010,90.9774
BRA,2010,90.37918
CAF,2010,36.75261
CEB,2010,98.91731999999999
CHN,2010,95.12448
CMR,2010,71.29051
COL,2010,93.37233
CSS,2010,90.60098
DOM,2010,89.53873
EAP,2010,94.60775
EAR,2010,75.28231
EAS,2010,94.26817
ECA,2010,98.38939
ECS,2010,97.58114
ECU,2010,91.85404
EGY,2010,72.04785
ESP,2010,97.7489
FCS,2010,61.55183
GHA,2010,71.49707
GIN,2010,25.30774
GNQ,2010,94.37054
HND,2010,84.75536
HPC,2010,55.25037
IBD,2010,86.82038
IBT,2010,81.67029000000001
IDA,2010,60.520869999999995
IDB,2010,63.028999999999996
IDX,2010,59.222669999999994
JOR,2010,92.55104
KAZ,2010,99.78163
KWT,2010,94.46901
LAC,2010,90.77360999999999
LCN,2010,91.66744
LDC,2010,57.47995
LIC,2010,56.9209
LKA,2010,91.18136
LMC,2010,72.75541
LMY,2010,81.44955999999999
LTE,2010,94.61558000000001
MEA,2010,76.49271999999999
MEX,2010,93.06894
MIC,2010,83.67154000000001
MLI,2010,31.09975
MNA,2010,74.27413
MNG,2010,98.257
MWI,2010,61.30972
MYS,2010,93.11789
OMN,2010,86.939
OSS,2010,81.66278
PAK,2010,55.37519
PAN,2010,94.09411999999999
PNG,2010,61.6
PRE,2010,55.59765
PRI,2010,91.96523
PRY,2010,93.87092
PSE,2010,94.93200999999999
RUS,2010,99.68427
RWA,2010,65.85226999999999
SAS,2010,66.01901
SGP,2010,95.85733
SLV,2010,84.49271999999999
SSA,2010,59.55902
SSF,2010,59.56398000000001
SST,2010,84.064
SUR,2010,94.67575
SWZ,2010,83.09829
SYC,2010,93.95423000000001
TEA,2010,94.54160999999999
TEC,2010,98.42843
THA,2010,96.43091
TLA,2010,91.48097
TLS,2010,58.308980000000005
TMN,2010,74.06062
TSA,2010,66.01901
TSS,2010,59.56398000000001
TTO,2010,98.7
TUN,2010,79.13058000000001
TUR,2010,92.6606
TZA,2010,67.8007
UGA,2010,73.21188000000001
UMC,2010,93.9115
URY,2010,98.07271
WLD,2010,84.1044
ZAF,2010,92.87732
ZMB,2010,83.00766999999999
AFG,2011,31.741120000000002
ALB,2011,96.8453
ARB,2011,72.59385999999999
ARG,2011,99.10833000000001
ARM,2011,99.74441
ATG,2011,98.95
AZE,2011,99.77863
BGD,2011,58.769180000000006
BGR,2011,98.35245
BIH,2011,98.14204000000001
BOL,2011,92.22615
BRA,2011,91.41124
BRN,2011,96.08556
CEB,2011,98.93486
CHL,2011,96.70300999999999
COG,2011,79.31116999999999
COL,2011,93.58053000000001
CRI,2011,97.40658
CSS,2011,90.79542
CYP,2011,98.67843
DOM,2011,90.10638
EAP,2011,94.45593000000001
EAR,2011,75.28605999999999
EAS,2011,94.07540999999999
ECA,2011,98.6356
ECS,2011,97.89486
ECU,2011,91.5869
ESP,2011,97.78375
EST,2011,99.88579
FCS,2011,61.16862
GRC,2011,97.36874
HND,2011,85.1233
HPC,2011,57.37311999999999
HRV,2011,99.12536
IBD,2011,87.17826
IBT,2011,81.93721
IDA,2011,60.685269999999996
IDB,2011,63.09089
IDN,2011,92.81191
IDX,2011,59.44031
IND,2011,69.30256
ITA,2011,98.84828
JOR,2011,95.90445
LAC,2011,91.43807
LAO,2011,58.28794
LCN,2011,92.23425
LDC,2011,57.66528
LIC,2011,58.78024
LMC,2011,72.84508000000001
LMY,2011,81.72388000000001
LTE,2011,95.13004000000001
LTU,2011,99.8156
LVA,2011,99.8959
MAC,2011,95.64004
MAR,2011,67.08416
MEA,2011,77.26692
MEX,2011,93.51998
MHL,2011,98.26508000000001
MIC,2011,83.82949
MLI,2011,33.56094
MLT,2011,93.30736
MNA,2011,74.50895
MNE,2011,98.44221
MUS,2011,89.24984
NPL,2011,59.62725
OSS,2011,82.18117
PAK,2011,54.73802
PRE,2011,57.390859999999996
PRT,2011,94.47705
PSE,2011,95.26724
ROU,2011,98.60429
SAS,2011,66.51724
SEN,2011,52.05196
SGP,2011,96.18608
SLV,2011,85.49399
SRB,2011,97.96240999999999
SSA,2011,61.18954
SSF,2011,61.194219999999994
SST,2011,84.4677
TEA,2011,94.38786
TEC,2011,98.65026
TGO,2011,60.40994
TLA,2011,92.06421999999999
TMN,2011,74.2919
TON,2011,99.38553
TSA,2011,66.51724
TSS,2011,61.194219999999994
TUN,2011,79.65391
TUR,2011,94.10609000000001
UMC,2011,94.23170999999999
URY,2011,98.3359
VEN,2011,94.77022
WLD,2011,84.37161
WSM,2011,98.97326
ZAF,2011,93.10214
ZWE,2011,83.58270999999999
ALB,2012,97.24696999999999
ARB,2012,73.7217
ARG,2012,99.10523
AZE,2012,99.77577
BEN,2012,32.94882
BGD,2012,57.86075
BOL,2012,94.46056999999999
BRA,2012,91.33785
BTN,2012,57.0336
CEB,2012,98.9454
CIV,2012,40.981629999999996
COD,2012,75.01719
COM,2012,49.19614
CPV,2012,85.32779000000001
CSS,2012,90.80851
CUB,2012,99.75253000000001
DOM,2012,90.15518
EAP,2012,94.67794
EAR,2012,75.91448000000001
EAS,2012,94.31349
ECA,2012,98.76158000000001
ECS,2012,97.99824
ECU,2012,92.06473000000001
EGY,2012,73.86559
ESP,2012,97.89454
FCS,2012,61.362519999999996
GAB,2012,82.2838
GTM,2012,78.26486
HND,2012,85.35555
HPC,2012,58.83455
IBD,2012,87.51869
IBT,2012,82.35303
IDA,2012,61.67556999999999
IDB,2012,64.44268000000001
IDX,2012,60.24365
IRN,2012,83.62599
JOR,2012,97.89031999999999
KWT,2012,95.51317
LAC,2012,91.68341
LCN,2012,92.4574
LDC,2012,58.57303
LIC,2012,60.13292
LMC,2012,73.54289
LMY,2012,82.14667
LTE,2012,95.30169000000001
MAR,2012,69.42539000000001
MDA,2012,99.13831
MDG,2012,71.57262
MEA,2012,77.88424
MEX,2012,94.2284
MIC,2012,84.19360999999999
MNA,2012,75.141
MUS,2012,91.76601
NER,2012,30.56039
OSS,2012,82.41896
PAK,2012,56.764340000000004
PER,2012,93.84173
PRE,2012,58.80656
PRY,2012,94.19747
PSE,2012,95.90621999999999
RWA,2012,68.33103
SAS,2012,67.2685
SGP,2012,96.36979000000001
SSA,2012,62.490269999999995
SSF,2012,62.49471
SST,2012,84.63077
STP,2012,90.1431
SUR,2012,92.86865999999999
TEA,2012,94.61261
TEC,2012,98.76374
TLA,2012,92.29404
TMN,2012,74.92135999999999
TSA,2012,67.2685
TSS,2012,62.49471
TUN,2012,80.21875
TUR,2012,94.91975
TZA,2012,78.10059
UGA,2012,70.19821999999999
UKR,2012,99.97435
UMC,2012,94.37705
URY,2012,98.39594
WLD,2012,84.72603000000001
ZAF,2012,93.72946999999999
ARB,2013,73.94749
ARG,2013,99.12195
AZE,2013,99.78936
BGD,2013,61.01554
BIH,2013,96.99176999999999
BRA,2013,91.48424
BWA,2013,86.82318000000001
CEB,2013,98.95481
CHL,2013,96.26706
CSS,2013,90.8723
DOM,2013,90.85815
EAP,2013,94.77901999999999
EAR,2013,76.49256
EAS,2013,94.42047
ECA,2013,98.81141
ECS,2013,98.06956
ECU,2013,93.29463
EGY,2013,75.06073
ESP,2013,98.07913
FCS,2013,61.16073000000001
GMB,2013,41.95005
GTM,2013,77.03867
HND,2013,85.46441999999999
HPC,2013,59.044990000000006
IBD,2013,87.73278
IBT,2013,82.56062
IDA,2013,62.12955
IDB,2013,64.31306
IDX,2013,60.99984
IRN,2013,84.6268
IRQ,2013,43.683279999999996
KWT,2013,95.58582
LAC,2013,91.76209
LCN,2013,92.50325
LDC,2013,59.38629
LIC,2013,60.17592
LMC,2013,74.13088
LMY,2013,82.36124000000001
LTE,2013,95.36598000000001
MEA,2013,78.21723
MEX,2013,93.96285
MIC,2013,84.45217
MNA,2013,75.40791999999999
MUS,2013,91.49003
OSS,2013,82.64475999999999
PAK,2013,55.59499
PHL,2013,96.398
PLW,2013,99.50313
PRE,2013,58.84711
PRY,2013,95.05904
PSE,2013,96.2849
QAT,2013,90.63299
SAS,2013,68.01312
SAU,2013,94.42634
SEN,2013,42.8175
SGP,2013,96.54808
SLE,2013,32.42617
SLV,2013,86.76758000000001
SSA,2013,62.81126
SSF,2013,62.81559
SST,2013,84.79789
TEA,2013,94.71495999999999
TEC,2013,98.80896
THA,2013,93.70206999999999
TLA,2013,92.34312
TMN,2013,75.18455
TSA,2013,68.01312
TSS,2013,62.81559
TUR,2013,95.25666
UMC,2013,94.41675
URY,2013,98.36386999999999
UZB,2013,99.99486
WLD,2013,84.90292
AGO,2014,66.03011
ARB,2014,74.61962
ARG,2014,98.99389000000001
AZE,2014,99.78899
BDI,2014,61.56973000000001
BFA,2014,34.5994
BGD,2014,61.0933
BRA,2014,91.72943000000001
BRB,2014,99.6
BWA,2014,87.7
CEB,2014,98.96629
CIV,2014,43.90842
COL,2014,94.18625
CSS,2014,91.0397
DOM,2014,91.76375999999999
EAP,2014,95.19566
EAR,2014,77.23448
EAS,2014,94.91781
ECA,2014,98.84281999999999
ECS,2014,98.11636999999999
ECU,2014,94.22264
ESP,2014,98.09371999999999
FCS,2014,61.86611
GEO,2014,99.58619
GIN,2014,32.003840000000004
GNB,2014,45.58116
GNQ,2014,95.0
GRD,2014,98.6
GTM,2014,81.2859
GUY,2014,85.63973
HND,2014,87.19753
HPC,2014,59.907680000000006
HUN,2014,99.1
IBD,2014,88.12764
IBT,2014,82.97848
IDA,2014,62.91562
IDB,2014,65.15158000000001
IDN,2014,95.11622
IDX,2014,61.75931
IRN,2014,84.70524
JAM,2014,88.1
KEN,2014,78.73304
KHM,2014,78.05509
LAC,2014,92.2644
LCN,2014,92.94435
LDC,2014,60.155969999999996
LIC,2014,60.90361
LMC,2014,74.84184
LMY,2014,82.78633
LSO,2014,76.6352
LTE,2014,95.53109
MDA,2014,99.35989000000001
MDV,2014,98.61012
MEA,2014,78.74318000000001
MEX,2014,94.55588
MIC,2014,84.87823
MKD,2014,97.8
MNA,2014,75.96811
MUS,2014,92.47476
MWI,2014,65.14537
NCL,2014,97.8
OMN,2014,91.9812
OSS,2014,83.08374
PAK,2014,56.97715
PER,2014,93.70795
PRE,2014,59.71051
PRY,2014,95.03481
PSE,2014,96.42839000000001
QAT,2014,91.32722
RWA,2014,70.80413
SAS,2014,68.73481
SGP,2014,96.71666
SSA,2014,63.482690000000005
SSF,2014,63.486869999999996
SST,2014,85.14295
SVN,2014,99.7
TEA,2014,95.13672
TEC,2014,98.83761
TJK,2014,99.8
TKM,2014,99.7
TLA,2014,92.79791999999999
TMN,2014,75.74665
TSA,2014,68.73481
TSS,2014,63.486869999999996
TUN,2014,79.03643000000001
TUR,2014,95.43963000000001
UMC,2014,94.6637
URY,2014,98.43593
UZB,2014,99.98055
VUT,2014,84.7
WLD,2014,85.28372
ZAF,2014,94.1399
ZWE,2014,88.69341999999999
ARB,2015,75.11764000000001
ARG,2015,99.17996
ATG,2015,98.95
AZE,2015,99.78806
BGD,2015,65.13733
BOL,2015,92.45508000000001
BRA,2015,92.0479
CEB,2015,98.97773000000001
CHL,2015,96.87413000000001
COL,2015,94.24505
CPV,2015,86.79029
CSS,2015,91.12809
DOM,2015,91.99121
EAP,2015,95.40914000000001
EAR,2015,77.95227
EAS,2015,95.13715
ECA,2015,98.87196999999999
ECS,2015,98.16487
ECU,2015,94.45566
ESP,2015,98.14326
FCS,2015,62.22513000000001
GMB,2015,50.77797
HND,2015,87.90683
HPC,2015,60.39487
IBD,2015,88.43664
IBT,2015,83.34816
IDA,2015,63.802640000000004
IDB,2015,65.56206999999999
IDN,2015,95.21793000000001
IDX,2015,62.8935
KHM,2015,80.52649
KWT,2015,95.68545
LAC,2015,92.45387
LAO,2015,84.66104
LCN,2015,93.12883000000001
LDC,2015,61.41421
LIC,2015,61.27429
LMC,2015,75.59040999999999
LMY,2015,83.1604
LTE,2015,95.67817
MEA,2015,79.4081
MEX,2015,94.47228
MIC,2015,85.28447
MLI,2015,33.06889
MNA,2015,76.62246
MOZ,2015,56.038999999999994
MUS,2015,92.7076
MWI,2015,62.14354
NIC,2015,82.61455
OMN,2015,93.03860999999999
OSS,2015,84.41474000000001
PER,2015,94.16234
PHL,2015,98.18255
PLW,2015,96.59374
PRE,2015,60.307019999999994
PRY,2015,95.55484
PSE,2015,96.69073
SAS,2015,69.65735
SGP,2015,96.82549
SLV,2015,87.96985
SSA,2015,64.08313000000001
SSF,2015,64.08716
SST,2015,86.13148000000001
TCD,2015,26.00299
TEA,2015,95.3528
TEC,2015,98.86424
TGO,2015,63.745619999999995
THA,2015,92.86831
TLA,2015,92.99225
TMN,2015,76.40267
TSA,2015,69.65735
TSS,2015,64.08716
TUR,2015,95.60141999999999
TZA,2015,77.88723
UMC,2015,94.83118
URY,2015,98.52387
UZB,2015,99.98383000000001
VEN,2015,96.60521999999999
WLD,2015,85.59638000000001
ZAF,2015,94.36792
ARB,2016,73.69399
ARG,2016,99.12501
AZE,2016,99.79006
BGD,2016,72.75872
BHR,2016,97.06668
BRA,2016,92.80844
CEB,2016,98.99005
COD,2016,77.04268
COL,2016,94.65385
DOM,2016,93.77846
EAP,2016,95.52339
EAR,2016,78.57369
EAS,2016,95.25384
ECA,2016,98.98786
ECS,2016,98.25469
ECU,2016,94.35023000000001
ESP,2016,98.25050999999999
FCS,2016,62.50688
HND,2016,88.98748
HPC,2016,61.19566
HTI,2016,61.69135
IBD,2016,88.5859
IBT,2016,83.71072
IDA,2016,65.25168000000001
IDB,2016,66.23999
IDN,2016,95.37697
IDX,2016,64.74183000000001
IRN,2016,85.54425
LAC,2016,92.97116
LCN,2016,93.59100000000001
LDC,2016,63.42245
LIC,2016,61.93147
LKA,2016,92.3869
LMC,2016,76.25343000000001
LMY,2016,83.52819000000001
LTE,2016,95.86126999999999
MAC,2016,96.53849
MDV,2016,97.73495
MEA,2016,77.93316
MEX,2016,94.85961999999999
MIC,2016,85.65751999999999
MMR,2016,75.5512
MNA,2016,74.84724
MUS,2016,93.15784000000001
MYS,2016,93.7347
OMN,2016,94.89999
OSS,2016,83.93278000000001
PER,2016,94.17367
PRE,2016,61.039609999999996
PRY,2016,94.65024
PSE,2016,96.93023000000001
PSS,2016,90.97831
QAT,2016,93.1453
SAS,2016,70.99924
SGP,2016,97.04959000000001
SLV,2016,88.14177
SRB,2016,98.84151
SSA,2016,64.78475999999999
SSF,2016,64.78863
SST,2016,85.77091
TCD,2016,22.31155
TEA,2016,95.46849
TEC,2016,98.96905
TLA,2016,93.46904
TMN,2016,74.60233000000001
TSA,2016,70.99924
TSS,2016,64.78863
TUR,2016,96.16733
UMC,2016,95.01176
URY,2016,98.56147
UZB,2016,99.98657
VEN,2016,97.12709
WLD,2016,85.89491
ARB,2017,74.47393000000001
ARM,2017,99.73607
AZE,2017,99.79123
BDI,2017,68.37533
BGD,2017,72.89296999999999
BHR,2017,97.40389
BRA,2017,93.07582
BTN,2017,66.56115
CHL,2017,96.40228
EAP,2017,95.72633
EAR,2017,79.01262
EAS,2017,95.46465
ECA,2017,98.96444
ECS,2017,98.27194
ECU,2017,92.82979
EGY,2017,71.16825
ETH,2017,51.77118
FCS,2017,63.33
FJI,2017,99.08211
GEO,2017,99.36426
HPC,2017,62.12908
IBD,2017,88.8029
IBT,2017,83.98566
IDA,2017,66.01621
IDB,2017,67.07135
IDX,2017,65.47285
KWT,2017,96.03595
LAC,2017,93.12496
LBR,2017,48.301359999999995
LCN,2017,93.70474
LDC,2017,64.2174
LIC,2017,62.75316
LKA,2017,91.89575
LMC,2017,76.85608
LMY,2017,83.81031
LTE,2017,96.00959
MEA,2017,78.83495
MEX,2017,94.97278
MIC,2017,85.92126999999999
MNA,2017,75.85256
MOZ,2017,60.65543
MRT,2017,53.49759
OMN,2017,95.57600000000001
OSS,2017,84.17819
PAK,2017,59.13205
PER,2017,94.14961
PRE,2017,61.922959999999996
PRI,2017,92.39
PSS,2017,91.01657
QAT,2017,93.46396999999999
SAS,2017,71.69524
SAU,2017,95.32863
SEN,2017,51.900420000000004
SGP,2017,97.20225
SLV,2017,88.48271
SSA,2017,65.0482
SSF,2017,65.05196
SST,2017,85.94953000000001
TEA,2017,95.67395
TEC,2017,98.94835
TLA,2017,93.58714
TMN,2017,75.61515
TSA,2017,71.69524
TSS,2017,65.05196
TUR,2017,96.15053
UMC,2017,95.02833000000001
URY,2017,98.61572
WLD,2017,86.12593000000001
ZAF,2017,87.04666999999999
ABW,2018,97.80742
AFG,2018,43.01972
ALB,2018,98.14115
ARB,2018,74.5966
ARG,2018,99.00386999999999
BEN,2018,42.3624
BFA,2018,41.22445
BGD,2018,73.9122
BHR,2018,97.46419
BLR,2018,99.75656
BRA,2018,93.2275
BRN,2018,97.21410999999999
CAF,2018,37.39582
CHN,2018,96.84089
CIV,2018,47.16535
CMR,2018,77.07104
COG,2018,80.29876
COL,2018,95.09251
COM,2018,58.81701999999999
CRI,2018,97.86379000000001
DZA,2018,81.40784000000001
EAP,2018,95.86556
EAR,2018,79.35073
EAS,2018,95.6076
ECA,2018,99.0011
ECS,2018,98.33417
ERI,2018,76.57052
ESP,2018,98.4365
FCS,2018,63.75516
GAB,2018,84.66716
GHA,2018,79.03964
HND,2018,87.20524
HPC,2018,62.6266
IBD,2018,89.05044000000001
IBT,2018,84.19382
IDA,2018,66.35453000000001
IDB,2018,67.0462
IDN,2018,95.65856
IDX,2018,65.99904000000001
IND,2018,74.37299
IRQ,2018,50.14052
ITA,2018,99.15576
JOR,2018,98.22711
KEN,2018,81.53497
KGZ,2018,99.586
KWT,2018,96.05646999999999
LAC,2018,93.31166
LBN,2018,95.06944
LCN,2018,93.86706
LDC,2018,64.81693
LIC,2018,63.183969999999995
LMC,2018,77.24338
LMY,2018,84.02266
LTE,2018,96.1515
MAR,2018,73.75001
MDG,2018,74.80431999999999
MEA,2018,78.96279
MEX,2018,95.37991
MIC,2018,86.14846999999999
MLI,2018,35.47377
MLT,2018,94.50319
MNA,2018,75.9596
MNE,2018,98.84718000000001
MNG,2018,98.42312
MUS,2018,91.32539
NGA,2018,62.016009999999994
NPL,2018,67.90843000000001
OMN,2018,95.65153000000001
OSS,2018,84.52881
PAN,2018,95.41181
PER,2018,94.40827
PRE,2018,62.643609999999995
PRT,2018,96.13759
PRY,2018,94.0208
PSE,2018,97.21861
ROU,2018,98.8445
RUS,2018,99.73006
RWA,2018,73.21559
SAS,2018,72.25239
SDN,2018,60.69718
SGP,2018,97.34486
SLE,2018,43.20633
SMR,2018,99.91643
SRB,2018,98.2892
SSA,2018,65.57343
SSD,2018,34.52276
SSF,2018,65.57706
SST,2018,86.20175
STP,2018,92.81664
SUR,2018,94.38327
SWZ,2018,88.41938
SYC,2018,95.86771
TEA,2018,95.81489
TEC,2018,98.98185
TLA,2018,93.75496
TLS,2018,68.06683000000001
TMN,2018,75.72189
TON,2018,99.41436999999999
TSA,2018,72.25239
TSS,2018,65.57706
UGA,2018,76.5275
UMC,2018,95.18383
URY,2018,98.70385999999999
VNM,2018,95.00038
VUT,2018,87.50631
WLD,2018,86.30100999999999
WSM,2018,99.09577
ZMB,2018,86.74795999999999
